新竹縣第1選舉區,傅文忠,中國國民黨,02
新竹縣第1選舉區,葉芬英,民主進步黨,02
新竹縣第1選舉區,蔡志環,中國國民黨,02
新竹縣第1選舉區,邱靖雅,無,03
新竹縣第1選舉區,高偉凱,勞動黨,04
新竹縣第1選舉區,陳見賢,中國國民黨,05
新竹縣第1選舉區,杜文中,中國國民黨,05
新竹縣第1選舉區,林保光,中國國民黨,05
新竹縣第1選舉區,郭鴻德,民主進步黨,05
新竹縣第1選舉區,陳凱榮,中國國民黨,05
新竹縣第1選舉區,蘇明輝,無,05
新竹縣第1選舉區,鄭美琴,無,05
新竹縣第1選舉區,楊敬賜,中國國民黨,05
新竹縣第1選舉區,林為洲,中國國民黨,05
新竹縣第1選舉區,林群森,無,05
新竹縣第2選舉區,黃永傳,中國國民黨,02
新竹縣第2選舉區,甄克堅,中國國民黨,02
新竹縣第2選舉區,陳栢維,無,03
新竹縣第2選舉區,吳淑君,中國國民黨,05
新竹縣第2選舉區,張春鳳,無,05
新竹縣第2選舉區,吳菊花,中國國民黨,05
新竹縣第3選舉區,黃金樓,中國國民黨,01
新竹縣第3選舉區,吳寀璇,民主進步黨,01
新竹縣第3選舉區,羅春蘭,無,02
新竹縣第3選舉區,陳林金玉,無,02
新竹縣第3選舉區,張鎮榮,中國國民黨,02
新竹縣第3選舉區,吳傳地,民主進步黨,03
新竹縣第3選舉區,鄭清漢,中國國民黨,05
新竹縣第4選舉區,嚴永秋,無,02
新竹縣第4選舉區,劉良彬,中國國民黨,02
新竹縣第4選舉區,羅吉燾,無,02
新竹縣第4選舉區,陳玉蟾,無,03
新竹縣第5選舉區,張玟源,無,02
新竹縣第5選舉區,楊連湧,無,05
新竹縣第5選舉區,賴江海,中國國民黨,05
新竹縣第5選舉區,范曰富,中國國民黨,05
新竹縣第6選舉區,張志弘,中國國民黨,02
新竹縣第6選舉區,蔡維邦,無,03
新竹縣第6選舉區,温文結,無,05
新竹縣第7選舉區,林政良,中國國民黨,02
新竹縣第8選舉區,劉珈愷,中國國民黨,01
新竹縣第8選舉區,郭遠彰,中國國民黨,02
新竹縣第8選舉區,彭余美玲,無,02
新竹縣第8選舉區,吳勝松,中國國民黨,02
新竹縣第8選舉區,羅吉祥,中國國民黨,02
新竹縣第8選舉區,黃秀龍,無,02
新竹縣第8選舉區,林昭錡,民主進步黨,03
新竹縣第8選舉區,周江杰,綠黨,04
新竹縣第8選舉區,林思銘,中國國民黨,05
新竹縣第8選舉區,上官秋燕,中國國民黨,05
新竹縣第8選舉區,彭怡君,無,05
新竹縣第9選舉區,林麗華,無,03
新竹縣第9選舉區,邱振瑋,無,05
新竹縣第10選舉區,彭紹松,無,02
新竹縣第10選舉區,彭進添,無,02
新竹縣第10選舉區,陳正順,中國國民黨,05
新竹縣第11選舉區,林光榮,中國國民黨,01
新竹縣第11選舉區,彭文彬,無,05
新竹縣第12選舉區,黃比德,中國國民黨,01
新竹縣第12選舉區,雲翔,無,02
新竹縣第12選舉區,范坤松,中國國民黨,02
新竹縣第12選舉區,柔夏‧布待,無,03
新竹縣第13選舉區,凱撒.巴燕,民主進步黨,01
新竹縣第13選舉區,張定中,無,05
新竹縣第13選舉區,趙一先,中國國民黨,05
苗栗縣第1選舉區,謝文禓,無,01
苗栗縣第1選舉區,許櫻萍,民主進步黨,01
苗栗縣第1選舉區,胡忠勇,無,02
苗栗縣第1選舉區,詹運喜,民主進步黨,02
苗栗縣第1選舉區,鄭碧玉,中國國民黨,02
苗栗縣第1選舉區,呂明亮,無,02
苗栗縣第1選舉區,湯維岳,無,02
苗栗縣第1選舉區,徐集明,中國國民黨,02
苗栗縣第1選舉區,張志宇,中國國民黨,02
苗栗縣第1選舉區,謝雷,無,03
苗栗縣第1選舉區,禹耀東,中國國民黨,05
苗栗縣第1選舉區,陳建成,無,05
苗栗縣第1選舉區,邱鎮軍,無,05
苗栗縣第1選舉區,孫素娥,中國國民黨,05
苗栗縣第1選舉區,涂月華,無,05
苗栗縣第1選舉區,傅學煥,無,05
苗栗縣第2選舉區,張家靜,中國國民黨,02
苗栗縣第2選舉區,韓茂賢,中國國民黨,02
苗栗縣第2選舉區,羅貴星,民主進步黨,02
苗栗縣第2選舉區,黎旭欽,中國國民黨,02
苗栗縣第2選舉區,謝文俊,無,05
苗栗縣第3選舉區,張太陽,無,02
苗栗縣第3選舉區,劉秋東,中國國民黨,02
苗栗縣第3選舉區,李聰祥,無,02
苗栗縣第3選舉區,周玉滿,無,02
苗栗縣第3選舉區,邱紹俊,無,05
苗栗縣第3選舉區,呂木鈿,中國國民黨,05
苗栗縣第3選舉區,劉寶鈴,無,05
苗栗縣第4選舉區,黃聲全,無,01
苗栗縣第4選舉區,陳明朝,中國國民黨,01
苗栗縣第4選舉區,林寶珠,中國國民黨,01
苗栗縣第4選舉區,鄭秋風,中國國民黨,01
苗栗縣第4選舉區,李文斌,中國國民黨,01
苗栗縣第4選舉區,連森裕,無,01
苗栗縣第4選舉區,陳沅榜,無,01
苗栗縣第4選舉區,林一方,樹黨,01
苗栗縣第4選舉區,翁寶桂,無,02
苗栗縣第4選舉區,謝端容,無,02
苗栗縣第4選舉區,劉順松,民主進步黨,02
苗栗縣第4選舉區,謝芳紋,民主進步黨,02
苗栗縣第4選舉區,廖英利,中國國民黨,04
苗栗縣第4選舉區,林洧鋅,無,04
苗栗縣第4選舉區,陳碧華,中國國民黨,05
苗栗縣第4選舉區,蕭國清,無,05
苗栗縣第5選舉區,邱秋琴,無,01
苗栗縣第5選舉區,羅雪珠,無,02
苗栗縣第5選舉區,鍾東錦,無,02
苗栗縣第5選舉區,陳漢清,中國國民黨,02
苗栗縣第5選舉區,陳光軒,民主進步黨,02
苗栗縣第5選舉區,李貴富,民主進步黨,02
苗栗縣第5選舉區,鍾褔貴,中國國民黨,02
苗栗縣第5選舉區,彭宇綸,無,05
苗栗縣第5選舉區,游忠鈿,中國國民黨,05
苗栗縣第5選舉區,陳永賢,中國國民黨,05
苗栗縣第5選舉區,張淑芬,無,05
苗栗縣第6選舉區,徐欽鴻,無,02
苗栗縣第6選舉區,陳春暖,民主進步黨,02
苗栗縣第6選舉區,楊恭林,無,02
苗栗縣第6選舉區,楊慶汶,無,05
苗栗縣第7選舉區,潘秋榮,中國國民黨,01
苗栗縣第8選舉區,黃月娥,中國國民黨,03
苗栗縣第8選舉區,林國雄,無,05
彰化縣第1選舉區,林維浩,民主進步黨,01
彰化縣第1選舉區,顧文東,無,01
彰化縣第1選舉區,林世賢,民主進步黨,01
彰化縣第1選舉區,黃千宴,中國國民黨,02
彰化縣第1選舉區,張瀚天,無,02
彰化縣第1選舉區,白玉如,中國國民黨,02
彰化縣第1選舉區,唐鎮林,中國國民黨,02
彰化縣第1選舉區,陳俊佑,無,02
彰化縣第1選舉區,賴岸璋,民主進步黨,02
彰化縣第1選舉區,黃秀芳,民主進步黨,02
彰化縣第1選舉區,葉孟家,民主進步黨,02
彰化縣第1選舉區,陳冠鴻,無,02
彰化縣第1選舉區,林茂明,無,02
彰化縣第1選舉區,王文東,台灣團結聯盟,02
彰化縣第1選舉區,張東正,無,02
彰化縣第1選舉區,黃育寬,民主進步黨,03
彰化縣第1選舉區,顧黃水花,中國國民黨,05
彰化縣第1選舉區,陳蔣秀美,中國國民黨,05
彰化縣第1選舉區,許原龍,中國國民黨,05
彰化縣第1選舉區,曾世勇,中國國民黨,05
彰化縣第1選舉區,黃玉芬,無,05
彰化縣第1選舉區,吳俊緯,無,05
彰化縣第1選舉區,楊經國,無,05
彰化縣第2選舉區,葉國雄,民主進步黨,01
彰化縣第2選舉區,鄭敬議,無,02
彰化縣第2選舉區,林士堅,民主進步黨,02
彰化縣第2選舉區,凃淑媚,中國國民黨,02
彰化縣第2選舉區,陳秀寳,民主進步黨,02
彰化縣第2選舉區,施性鍾,中國國民黨,03
彰化縣第2選舉區,楊竣程,中國國民黨,03
彰化縣第2選舉區,林聖哲,中國國民黨,05
彰化縣第2選舉區,郭國賓,無,05
彰化縣第2選舉區,粘勝傑,無,05
彰化縣第3選舉區,林庚壬,中國國民黨,01
彰化縣第3選舉區,尤瑞春,民主進步黨,02
彰化縣第3選舉區,賴清美,民主進步黨,02
彰化縣第3選舉區,蕭文雄,中國國民黨,02
彰化縣第3選舉區,黃寶隆,無,02
彰化縣第3選舉區,柯振杯,中國國民黨,02
彰化縣第3選舉區,林宗翰,無,02
彰化縣第3選舉區,陳錦玉,中國國民黨,03
彰化縣第3選舉區,王國忠,民主進步黨,03
彰化縣第4選舉區,張素芬,無,01
彰化縣第4選舉區,張雪如,無,01
彰化縣第4選舉區,張仁城,中國國民黨,02
彰化縣第4選舉區,曹嘉豪,中國國民黨,02
彰化縣第4選舉區,江瑞演,民主進步黨,02
彰化縣第4選舉區,彭國成,民主進步黨,02
彰化縣第4選舉區,陳秋蓉,民主進步黨,02
彰化縣第4選舉區,劉惠娟,中國國民黨,02
彰化縣第4選舉區,賴澤民,民主進步黨,02
彰化縣第4選舉區,邱方銘,無,03
彰化縣第4選舉區,黃正盛,中國國民黨,03
彰化縣第4選舉區,葉麗娟,中國國民黨,05
彰化縣第4選舉區,凃俊任,中國國民黨,05
彰化縣第4選舉區,游振雄,中國國民黨,05
彰化縣第5選舉區,歐陽蓁珠,民主進步黨,01
彰化縣第5選舉區,陳重嘉,無,02
彰化縣第5選舉區,張春洋,無,02
彰化縣第5選舉區,陳文漢,中國國民黨,02
彰化縣第5選舉區,蔡福祿,中國國民黨,02
彰化縣第5選舉區,李清木,民主進步黨,02
彰化縣第5選舉區,楊淑鳳,中國國民黨,05
彰化縣第5選舉區,張永泉,無,05
彰化縣第6選舉區,許書維,民主進步黨,01
彰化縣第6選舉區,蕭如意,中國國民黨,02
彰化縣第6選舉區,蕭智程,民主進步黨,02
彰化縣第6選舉區,劉景滄,無,02
彰化縣第6選舉區,鄭俊雄,中國國民黨,03
彰化縣第6選舉區,蕭淑芬,無,05
彰化縣第6選舉區,陳正忠,無,05
彰化縣第7選舉區,謝典霖,中國國民黨,02
彰化縣第7選舉區,蘇逸凱,無,02
彰化縣第7選舉區,劉淑芳,中國國民黨,02
彰化縣第7選舉區,李俊諭,民主進步黨,02
彰化縣第7選舉區,江熊一楓,民主進步黨,03
彰化縣第7選舉區,洪見洲,無,05
彰化縣第7選舉區,李浩誠,中國國民黨,05
彰化縣第8選舉區,陳一惇,中國國民黨,02
彰化縣第8選舉區,陳光輝,無,02
彰化縣第8選舉區,謝彥慧,中國國民黨,02
彰化縣第8選舉區,洪宗熠,民主進步黨,02
彰化縣第8選舉區,洪遊江,台灣民族黨,02
彰化縣第8選舉區,林清彬,無,03
彰化縣第8選舉區,吳淑娟,無,05
彰化縣第8選舉區,蔡金蓮,無,05
彰化縣第9選舉區,陳榮妹,中國國民黨,03
彰化縣第9選舉區,謝香美,無,04
彰化縣第9選舉區,張新男,無,05
南投縣第1選舉區,王永慶,大道人民黨,01
南投縣第1選舉區,曾振炎,中國國民黨,01
南投縣第1選舉區,于秀英,無,01
南投縣第1選舉區,張維華,中國國民黨,02
南投縣第1選舉區,羅美玲,無,02
南投縣第1選舉區,林憶如,中國國民黨,02
南投縣第1選舉區,蕭文進,台灣團結聯盟,02
南投縣第1選舉區,蔡宗智,無,02
南投縣第1選舉區,洪志杰,無,02
南投縣第1選舉區,賴燕雪,民主進步黨,02
南投縣第1選舉區,劉宜成,中國國民黨,05
南投縣第1選舉區,陳翰立,民主進步黨,05
南投縣第1選舉區,游宏達,無,05
南投縣第1選舉區,洪明科,無,05
南投縣第1選舉區,李添興,無,05
南投縣第1選舉區,莊文斌,中國國民黨,05
南投縣第1選舉區,張龍木,無,05
南投縣第2選舉區,黃文君,無,01
南投縣第2選舉區,吳瑞耀,無,01
南投縣第2選舉區,侯嘉芳,無,02
南投縣第2選舉區,莊清南,中國國民黨,02
南投縣第2選舉區,賴忠政,無,02
南投縣第2選舉區,簡景賢,中國國民黨,02
南投縣第2選舉區,簡献清,無,02
南投縣第2選舉區,林永鴻,民主進步黨,03
南投縣第2選舉區,廖宜賢,中國國民黨,05
南投縣第2選舉區,李洲忠,中國國民黨,05
南投縣第2選舉區,廖梓佑,民主進步黨,05
南投縣第2選舉區,陳國大,無,05
南投縣第2選舉區,李銀滄,無,05
南投縣第2選舉區,洪盛雄,無,05
南投縣第2選舉區,簡賜勝,無,05
南投縣第2選舉區,簡峻庭,無,05
南投縣第3選舉區,楊孟學,無,01
南投縣第3選舉區,謝明謀,中國國民黨,02
南投縣第3選舉區,陳昭煜,民主進步黨,04
南投縣第3選舉區,陳淑惠,中國國民黨,05
南投縣第3選舉區,蕭志全,中國國民黨,05
南投縣第4選舉區,吳瑞芳,無,01
南投縣第4選舉區,許素霞,中國國民黨,01
南投縣第4選舉區,林明輝,無,02
南投縣第4選舉區,林育正,無,02
南投縣第4選舉區,蔡宜助,中國國民黨,02
南投縣第4選舉區,游顥,中國國民黨,02
南投縣第4選舉區,何勝豐,中國國民黨,02
南投縣第4選舉區,許耿禎,無,02
南投縣第4選舉區,蔡孟娥,無,03
南投縣第4選舉區,張志銘,民主進步黨,05
南投縣第5選舉區,潘一全,中國國民黨,02
南投縣第5選舉區,林芳伃,中國國民黨,02
南投縣第5選舉區,黃志學,中國國民黨,02
南投縣第5選舉區,陳永來,無,02
南投縣第5選舉區,吳國昌,無,02
南投縣第5選舉區,潘淑玫,無,02
南投縣第5選舉區,曾明雪,無,03
南投縣第5選舉區,邱美玲,中國國民黨,05
南投縣第5選舉區,廖志城,民主進步黨,05
南投縣第5選舉區,許阿甘,民主進步黨,05
南投縣第5選舉區,王彩雲,中國國民黨,05
南投縣第6選舉區,陳宥瑞,無,02
南投縣第6選舉區,石慶龍,台灣第一民族黨,02
南投縣第6選舉區,石忍漢,中國國民黨,05
南投縣第6選舉區,蔡幸子,中國國民黨,05
南投縣第6選舉區,阿給拉˙拉哈拜,中華統一促進黨,05
南投縣第6選舉區,周吳儀君,無,05
南投縣第7選舉區,史清水,中國國民黨,02
南投縣第7選舉區,松秋明,無,02
南投縣第8選舉區,陳國雄,中國國民黨,04
南投縣第8選舉區,廖文賢,無,05
雲林縣第1選舉區,江文登,民主進步黨,01
雲林縣第1選舉區,邱世文,無,01
雲林縣第1選舉區,李建志,無,01
雲林縣第1選舉區,林岳璋,無,02
雲林縣第1選舉區,賴淑娞,中國國民黨,02
雲林縣第1選舉區,周秀月,民主進步黨,02
雲林縣第1選舉區,李建昇,民主進步黨,02
雲林縣第1選舉區,蘇于珊,中國國民黨,03
雲林縣第1選舉區,林政亨,台灣團結聯盟,03
雲林縣第1選舉區,王又民,中國國民黨,04
雲林縣第1選舉區,黃耀煌,民主進步黨,04
雲林縣第1選舉區,張凱甯,無,05
雲林縣第1選舉區,林聖爵,中國國民黨,05
雲林縣第1選舉區,鍾明馨,無,05
雲林縣第2選舉區,吳滄得,民主進步黨,02
雲林縣第2選舉區,簡慈坊,無,02
雲林縣第2選舉區,林樹山,民主進步黨,02
雲林縣第2選舉區,李長發,民主進步黨,02
雲林縣第2選舉區,賴明源,無,02
雲林縣第2選舉區,蔡東富,無,02
雲林縣第2選舉區,王秋足,中國國民黨,04
雲林縣第2選舉區,王國勝,無,05
雲林縣第2選舉區,沈銘恭,無,05
雲林縣第2選舉區,林育鳳,無,05
雲林縣第2選舉區,陳樹吉,無,05
雲林縣第3選舉區,陳乙辰,無,01
雲林縣第3選舉區,黃凱,無,01
雲林縣第3選舉區,陳茂源,無,01
雲林縣第3選舉區,陳俊龍,無,02
雲林縣第3選舉區,黃鈺惠,無,02
雲林縣第3選舉區,張麗華,無,02
雲林縣第3選舉區,陳瑞雄,中國國民黨,02
雲林縣第3選舉區,林新丁,民主進步黨,02
雲林縣第3選舉區,吳爾夫,民主進步黨,02
雲林縣第3選舉區,蔡秋敏,民主進步黨,02
雲林縣第3選舉區,沈義隆,無,02
雲林縣第3選舉區,李錫銘,台灣團結聯盟,02
雲林縣第3選舉區,許維修,無,02
雲林縣第3選舉區,謝翠蓮,中國國民黨,04
雲林縣第3選舉區,顏旭懋,民主進步黨,04
雲林縣第3選舉區,沈宗隆,中國國民黨,05
雲林縣第3選舉區,王士壬,台灣團結聯盟,05
雲林縣第4選舉區,梁銘忠,無,01
雲林縣第4選舉區,王鐵道,無,01
雲林縣第4選舉區,林丁財,無,01
雲林縣第4選舉區,李明哲,中國國民黨,02
雲林縣第4選舉區,廖朝魁,無,02
雲林縣第4選舉區,李權展,無,02
雲林縣第4選舉區,蕭澤梧,民主進步黨,02
雲林縣第4選舉區,廖清祥,民主進步黨,02
雲林縣第4選舉區,廖秋萍,民主進步黨,05
雲林縣第4選舉區,廖錦珠,無,05
雲林縣第5選舉區,張素蘭,無,02
雲林縣第5選舉區,林深,無,02
雲林縣第5選舉區,黃淑鈴,民主進步黨,02
雲林縣第5選舉區,鄭東來,民主進步黨,02
雲林縣第5選舉區,李培元,無,02
雲林縣第5選舉區,林建鴻,無,02
雲林縣第5選舉區,許志豪,民主進步黨,02
雲林縣第5選舉區,張健福,民主進步黨,02
雲林縣第5選舉區,蘇俊豪,無,02
雲林縣第5選舉區,王清貴,中國國民黨,05
雲林縣第5選舉區,林木城,無,05
雲林縣第6選舉區,黃勝賢,無,01
雲林縣第6選舉區,蕭慧敏,無,02
雲林縣第6選舉區,王新堯,無,02
雲林縣第6選舉區,林哲凌,民主進步黨,03
雲林縣第6選舉區,蔡孟真,無,03
雲林縣第6選舉區,黃文祥,無,05
雲林縣第6選舉區,翁水上,無,05
雲林縣第6選舉區,蔡岳儒,民主進步黨,05
嘉義縣第1選舉區,陳瑞霖,民主進步黨,02
嘉義縣第1選舉區,董國誠,無,02
嘉義縣第1選舉區,王啟澧,中國國民黨,02
嘉義縣第1選舉區,林緗亭,民主進步黨,02
嘉義縣第1選舉區,林寶瓶,中國國民黨,02
嘉義縣第1選舉區,林沐惠,民主進步黨,04
嘉義縣第1選舉區,詹琬蓁,無,05
嘉義縣第1選舉區,戴光宗,民主進步黨,05
嘉義縣第1選舉區,吳忠原,無,05
嘉義縣第1選舉區,葉長青,無,05
嘉義縣第2選舉區,林山景,台灣團結聯盟,01
嘉義縣第2選舉區,馬瑞駿,無,01
嘉義縣第2選舉區,林于玲,中國國民黨,02
嘉義縣第2選舉區,林秀琴,民主進步黨,02
嘉義縣第2選舉區,葉孟龍,民主進步黨,05
嘉義縣第2選舉區,賴朝崙,無,05
嘉義縣第2選舉區,陳福成,無,05
嘉義縣第2選舉區,黃芳蘭,無,05
嘉義縣第2選舉區,黃嘉寬,民主進步黨,05
嘉義縣第2選舉區,陳文忠,無,05
嘉義縣第3選舉區,郭芳宜,民主進步黨,02
嘉義縣第3選舉區,葉和平,民主進步黨,02
嘉義縣第3選舉區,吳思蓉,中國國民黨,02
嘉義縣第3選舉區,詹金繪,民主進步黨,02
嘉義縣第3選舉區,陳保仁,中國國民黨,05
嘉義縣第3選舉區,何佳容,無,05
嘉義縣第3選舉區,簡泰河,親民黨,05
嘉義縣第4選舉區,姜梅紅,無,02
嘉義縣第4選舉區,陳怡岳,民主進步黨,02
嘉義縣第4選舉區,黃錦成,民主進步黨,02
嘉義縣第4選舉區,龔昆池,無,03
嘉義縣第4選舉區,蔡鼎三,民主進步黨,05
嘉義縣第4選舉區,李國勝,中國國民黨,05
嘉義縣第4選舉區,陳永法,中國國民黨,05
嘉義縣第4選舉區,蔡奇璋,中國國民黨,05
嘉義縣第4選舉區,黃嫈珺,民主進步黨,05
嘉義縣第5選舉區,蔡瑋傑,民主進步黨,02
嘉義縣第5選舉區,黃金茂,中國國民黨,03
嘉義縣第5選舉區,翁聰賢,民主進步黨,05
嘉義縣第5選舉區,蔡信典,無,05
嘉義縣第6選舉區,羅士洋,民主進步黨,01
嘉義縣第6選舉區,張貴忠,民主進步黨,02
嘉義縣第6選舉區,侯清河,中國國民黨,02
嘉義縣第6選舉區,詹黃素蓮,中國國民黨,05
嘉義縣第6選舉區,林來宸,民主進步黨,05
嘉義縣第6選舉區,何子凡,無,05
嘉義縣第6選舉區,張明達,民主進步黨,05
嘉義縣第6選舉區,陳柏麟,民主進步黨,05
嘉義縣第6選舉區,曾亮哲,民主進步黨,05
嘉義縣第7選舉區,楊貴榮,中國國民黨,01
嘉義縣第7選舉區,汪啟聖,無,02
嘉義縣第7選舉區,湯保富,無,02
嘉義縣第7選舉區,石信忠,無,03
屏東縣第1選舉區,蔣月惠,無,01
屏東縣第1選舉區,李世斌,民主進步黨,01
屏東縣第1選舉區,張平原,無,01
屏東縣第1選舉區,王勤毅,無,01
屏東縣第1選舉區,張金文,無,01
屏東縣第1選舉區,施蘇貴美,無,02
屏東縣第1選舉區,蘇義峰,民主進步黨,02
屏東縣第1選舉區,郭姿伶,中國國民黨,02
屏東縣第1選舉區,賀育寒,中國國民黨,02
屏東縣第1選舉區,鍾淑娟,民主進步黨,02
屏東縣第1選舉區,蔣家煌,無,02
屏東縣第1選舉區,陳美瓊,中國國民黨,02
屏東縣第1選舉區,黃國安,中國國民黨,02
屏東縣第1選舉區,王偉華,中國國民黨,02
屏東縣第1選舉區,林明順,無,02
屏東縣第1選舉區,鍾明輝,民主進步黨,02
屏東縣第1選舉區,劉育豪,民主進步黨,02
屏東縣第1選舉區,楊子鵬,親民黨,03
屏東縣第1選舉區,陳進富,無,03
屏東縣第1選舉區,李幸惠,無,05
屏東縣第1選舉區,唐玉琴,中國國民黨,05
屏東縣第2選舉區,王景山,中國國民黨,02
屏東縣第2選舉區,江維屏,民主進步黨,02
屏東縣第2選舉區,鄭雙銓,中國國民黨,02
屏東縣第2選舉區,吳亮慶,民主進步黨,02
屏東縣第2選舉區,盧文瑞,無,02
屏東縣第2選舉區,陳明達,民主進步黨,02
屏東縣第2選舉區,羅緹瀅,民主進步黨,03
屏東縣第2選舉區,宋麗華,中國國民黨,03
屏東縣第2選舉區,陳芳琍,民主進步黨,03
屏東縣第2選舉區,何春美,中國國民黨,05
屏東縣第2選舉區,尤慶賀,無,05
屏東縣第2選舉區,盧靖雯,無,05
屏東縣第3選舉區,曾喜城,無,01
屏東縣第3選舉區,曾福金,民主進步黨,01
屏東縣第3選舉區,潘淑眞,民主進步黨,01
屏東縣第3選舉區,陳志成,無,02
屏東縣第3選舉區,廖秀琴,民主進步黨,02
屏東縣第3選舉區,林郁虹,中國國民黨,02
屏東縣第3選舉區,曾彥屏,民主進步黨,02
屏東縣第3選舉區,徐榮耀,中國國民黨,02
屏東縣第3選舉區,黃建溢,民主進步黨,02
屏東縣第3選舉區,許馨勻,中國國民黨,02
屏東縣第3選舉區,李世淦,中國國民黨,02
屏東縣第3選舉區,劉淼松,中國國民黨,02
屏東縣第3選舉區,林宗俉,民主進步黨,02
屏東縣第3選舉區,潘長成,台灣團結聯盟,03
屏東縣第3選舉區,王志豐,中國國民黨,05
屏東縣第4選舉區,何輝能,民主進步黨,01
屏東縣第4選舉區,黃纓桔,民主進步黨,02
屏東縣第4選舉區,盧同恊,民主進步黨,02
屏東縣第4選舉區,林蔡鳯梅,無,02
屏東縣第4選舉區,郭再添,無,02
屏東縣第4選舉區,李香蘭,中國國民黨,02
屏東縣第4選舉區,黃坤能,無,02
屏東縣第4選舉區,許展維,民主進步黨,02
屏東縣第4選舉區,劉水復,無,04
屏東縣第4選舉區,鄭寶川,無,05
屏東縣第4選舉區,周典論,無,05
屏東縣第4選舉區,李德全,無,05
屏東縣第5選舉區,羅平道,民主進步黨,01
屏東縣第5選舉區,王啟敏,中國國民黨,02
屏東縣第5選舉區,林玉花,民主進步黨,02
屏東縣第5選舉區,楊嘉慶,民主進步黨,02
屏東縣第5選舉區,周碧雲,民主進步黨,02
屏東縣第6選舉區,鍾乙豪,民主進步黨,01
屏東縣第6選舉區,李志偉,民主進步黨,02
屏東縣第6選舉區,葉明順,無,02
屏東縣第6選舉區,陳文弘,民主進步黨,02
屏東縣第6選舉區,張榮志,中國國民黨,02
屏東縣第7選舉區,王薇茗,無,03
屏東縣第7選舉區,洪慈綪,無,04
屏東縣第8選舉區,潘裕隆,中國國民黨,01
屏東縣第9選舉區,柯富國,中國國民黨,02
屏東縣第9選舉區,歸曉惠,無,02
屏東縣第10選舉區,陳生明,中國國民黨,02
屏東縣第10選舉區,陸月嬌,無,02
屏東縣第11選舉區,潘政治,中國國民黨,02
屏東縣第11選舉區,何長成,無,05
屏東縣第12選舉區,簡寶玉,中國國民黨,02
屏東縣第12選舉區,潘正義,無,03
屏東縣第12選舉區,李宜潔,無,04
屏東縣第13選舉區,陳昭忠,中國國民黨,04
屏東縣第13選舉區,林輝雄,無,04
屏東縣第14選舉區,李冀香,中國國民黨,02
屏東縣第14選舉區,陳秋香,無,03
屏東縣第15選舉區,許天賜,中國國民黨,02
屏東縣第16選舉區,宋克強,無,02
屏東縣第16選舉區,顏金成,中國國民黨,05
宜蘭縣第1選舉區,楊順木,無,01
宜蘭縣第1選舉區,陳永錰,無,01
宜蘭縣第1選舉區,羅文清,無,02
宜蘭縣第1選舉區,江碧華,中國國民黨,02
宜蘭縣第1選舉區,黃定和,中國國民黨,02
宜蘭縣第1選舉區,林岳賢,中國國民黨,02
宜蘭縣第1選舉區,張建榮,中國國民黨,02
宜蘭縣第1選舉區,張曜顯,民主進步黨,02
宜蘭縣第1選舉區,吳福田,民主進步黨,02
宜蘭縣第1選舉區,莊淑如,中國國民黨,02
宜蘭縣第1選舉區,余美雪,民主進步黨,02
宜蘭縣第1選舉區,林錫明,無,05
宜蘭縣第1選舉區,陳進亮,台灣團結聯盟,05
宜蘭縣第1選舉區,林志鴻,民主進步黨,05
宜蘭縣第2選舉區,林金龍,民主進步黨,01
宜蘭縣第2選舉區,楊惠民,無,01
宜蘭縣第2選舉區,陳秀暖,中國國民黨,05
宜蘭縣第2選舉區,林東成,無,05
宜蘭縣第3選舉區,巫紫汝,無,01
宜蘭縣第3選舉區,李清林,中國國民黨,05
宜蘭縣第3選舉區,吳宏謀,民主進步黨,05
宜蘭縣第3選舉區,林成功,無,05
宜蘭縣第4選舉區,廖明照,無,01
宜蘭縣第4選舉區,陳俊宇,民主進步黨,02
宜蘭縣第4選舉區,黃浴沂,中國國民黨,02
宜蘭縣第4選舉區,張漢東,民主進步黨,05
宜蘭縣第4選舉區,林錦坤,無,05
宜蘭縣第5選舉區,陳福山,無,02
宜蘭縣第5選舉區,黃建勇,中國國民黨,02
宜蘭縣第5選舉區,林水金,民主進步黨,04
宜蘭縣第6選舉區,吳秋齡,中國國民黨,02
宜蘭縣第6選舉區,陳鴻禧,中國國民黨,02
宜蘭縣第6選舉區,劉添梧,民主進步黨,02
宜蘭縣第6選舉區,黃素琴,民主進步黨,02
宜蘭縣第6選舉區,謝志得,民主進步黨,02
宜蘭縣第6選舉區,陳漢鍾,無,05
宜蘭縣第7選舉區,黃適超,民主進步黨,01
宜蘭縣第7選舉區,沈德茂,無,02
宜蘭縣第7選舉區,林朝旺,中國國民黨,02
宜蘭縣第7選舉區,張明華,民主進步黨,02
宜蘭縣第8選舉區,張建成,無,02
宜蘭縣第8選舉區,楊政誠,中國國民黨,02
宜蘭縣第8選舉區,邱素梅,無,02
宜蘭縣第8選舉區,林松根,中國國民黨,05
宜蘭縣第8選舉區,張秋明,民主進步黨,05
宜蘭縣第8選舉區,薛呈懿,樹黨,05
宜蘭縣第8選舉區,游祥德,民主進步黨,05
宜蘭縣第9選舉區,陳文昌,民主進步黨,02
宜蘭縣第9選舉區,李志鏞,中國國民黨,05
宜蘭縣第10選舉區,林騰煌,中國國民黨,01
宜蘭縣第10選舉區,邱嘉進,民主進步黨,02
宜蘭縣第10選舉區,林棋山,中國國民黨,02
宜蘭縣第10選舉區,陳正男,無,02
宜蘭縣第10選舉區,王明輝,民主進步黨,03
宜蘭縣第10選舉區,鄭金池,無,05
宜蘭縣第11選舉區,陳慶喜,中國國民黨,01
宜蘭縣第11選舉區,孫湯玉惠,無,01
宜蘭縣第11選舉區,陳柳造,無,03
宜蘭縣第11選舉區,洪林雨萍,無,05
宜蘭縣第12選舉區,陳傑麟,親民黨,02
宜蘭縣第12選舉區,李玉蕙,中國國民黨,05
宜蘭縣第13選舉區,江明順,中國國民黨,01
宜蘭縣第13選舉區,陳孝仁,中國國民黨,02
宜蘭縣第13選舉區,松王淑珍,中國國民黨,05
花蓮縣第1選舉區,方建興,民主進步黨,02
花蓮縣第1選舉區,李秋旺,中國國民黨,02
花蓮縣第1選舉區,楊文值,中國國民黨,02
花蓮縣第1選舉區,江如玲,中國國民黨,02
花蓮縣第1選舉區,莊枝財,民主進步黨,02
花蓮縣第1選舉區,魏嘉賢,中國國民黨,02
花蓮縣第1選舉區,施慧萍,中國國民黨,03
花蓮縣第1選舉區,楊華美,無,05
花蓮縣第1選舉區,劉曉玫,民主進步黨,05
花蓮縣第1選舉區,釋楊悟空,親民黨,05
花蓮縣第1選舉區,林宗昆,中國國民黨,05
花蓮縣第1選舉區,謝國榮,中國國民黨,05
花蓮縣第1選舉區,施金樹,民主進步黨,05
花蓮縣第2選舉區,賴進坤,中國國民黨,02
花蓮縣第2選舉區,何禮臺,中國國民黨,02
花蓮縣第3選舉區,鄭乾龍,民主進步黨,02
花蓮縣第3選舉區,黃晨霖,中國國民黨,02
花蓮縣第3選舉區,邱永双,中國國民黨,02
花蓮縣第3選舉區,游淑貞,無,02
花蓮縣第3選舉區,林殷全,無,02
花蓮縣第3選舉區,吳建志,中國國民黨,02
花蓮縣第3選舉區,張峻,中國國民黨,04
花蓮縣第3選舉區,游美雲,民主進步黨,04
花蓮縣第3選舉區,徐雪玉,中國國民黨,05
花蓮縣第3選舉區,張正治,中國國民黨,05
花蓮縣第3選舉區,葉鯤璟,無,05
花蓮縣第3選舉區,謝明圳,無,05
花蓮縣第3選舉區,黃振富,民主進步黨,05
花蓮縣第3選舉區,康木樹,無,05
花蓮縣第4選舉區,張錫銘,無,01
花蓮縣第4選舉區,王燕美,無,02
花蓮縣第4選舉區,蔡秋龍,中國國民黨,05
花蓮縣第4選舉區,張智冠,中國國民黨,05
花蓮縣第4選舉區,蘇孝信,無,05
花蓮縣第4選舉區,潘富民,中國國民黨,05
花蓮縣第5選舉區,蕭民隆,中國國民黨,01
花蓮縣第5選舉區,余夏夫,中國國民黨,02
花蓮縣第5選舉區,笛布斯‧顗賚,無,02
花蓮縣第5選舉區,林秋美,無,05
花蓮縣第5選舉區,羅名材,中國國民黨,05
花蓮縣第6選舉區,楊德金,中國國民黨,02
花蓮縣第6選舉區,孫永昌,中國國民黨,02
花蓮縣第6選舉區,高潞‧以用‧巴魕剌,無,03
花蓮縣第6選舉區,萬榮財,無,05
花蓮縣第7選舉區,詹金福,親民黨,02
花蓮縣第7選舉區,陳英妹,無,02
花蓮縣第7選舉區,徐成國,中國國民黨,02
花蓮縣第7選舉區,陳建忠,中國國民黨,03
花蓮縣第7選舉區,林聖明,無,05
花蓮縣第8選舉區,田韻馨,無,01
花蓮縣第8選舉區,張文成,無,03
花蓮縣第8選舉區,許淑銀,中國國民黨,04
花蓮縣第9選舉區,陳長明,中國國民黨,02
花蓮縣第9選舉區,吳香蘭,中國國民黨,02
花蓮縣第10選舉區,蘇正清,中國國民黨,02
花蓮縣第10選舉區,蘇忠亮,中國國民黨,02
花蓮縣第10選舉區,陳鶴章,中國國民黨,02
花蓮縣第10選舉區,余秀珠,中國國民黨,03
臺東縣第1選舉區,洪宗楷,民主進步黨,01
臺東縣第1選舉區,黃俊銘,無,01
臺東縣第1選舉區,黃秋,無,02
臺東縣第1選舉區,吳景槐,中國國民黨,02
臺東縣第1選舉區,陳志峰,無,02
臺東縣第1選舉區,田石雄,中國國民黨,02
臺東縣第1選舉區,王飛龍,無,02
臺東縣第1選舉區,謝明珠,無,02
臺東縣第1選舉區,饒慶鈴,中國國民黨,02
臺東縣第1選舉區,李建智,中國國民黨,05
臺東縣第1選舉區,黃裕雄,無,05
臺東縣第1選舉區,周達三,中國國民黨,05
臺東縣第1選舉區,吳秀華,中國國民黨,05
臺東縣第1選舉區,彭權英,無,05
臺東縣第1選舉區,廖進輝,無,05
臺東縣第1選舉區,林參天,無,05
臺東縣第1選舉區,林雅玲,無,05
臺東縣第2選舉區,張卓然,中國國民黨,05
臺東縣第3選舉區,林東滿,中國國民黨,02
臺東縣第3選舉區,許進榮,無,02
臺東縣第4選舉區,李振源,無,01
臺東縣第4選舉區,黃瑞華,中國國民黨,02
臺東縣第4選舉區,陳宏宗,中國國民黨,05
臺東縣第5選舉區,張順福,民主進步黨,01
臺東縣第5選舉區,翁麗吟,中國國民黨,02
臺東縣第6選舉區,謝賢裕,中國國民黨,02
臺東縣第6選舉區,陳照隆,中國國民黨,02
臺東縣第7選舉區,王清堅,中國國民黨,01
臺東縣第7選舉區,方賢仁,中國國民黨,02
臺東縣第7選舉區,林琮翰,中國國民黨,02
臺東縣第7選舉區,林秀信,中國國民黨,03
臺東縣第7選舉區,陳．藍姆洛,台灣團結聯盟,03
臺東縣第7選舉區,嚴惠美,中國國民黨,05
臺東縣第7選舉區,郭秋孜,台灣第一民族黨,05
臺東縣第8選舉區,蔡義勇,中國國民黨,02
臺東縣第8選舉區,江堅壽,中國國民黨,05
臺東縣第8選舉區,尤忠正,中國國民黨,05
臺東縣第9選舉區,張萬生,中國國民黨,01
臺東縣第10選舉區,高美珠,中國國民黨,02
臺東縣第10選舉區,嚴亞美,無,02
臺東縣第10選舉區,劉純歌,中國國民黨,03
臺東縣第11選舉區,胡秋金,中國國民黨,02
臺東縣第11選舉區,伊藍‧明基努安,台灣第一民族黨,05
臺東縣第12選舉區,余明志,中國國民黨,01
臺東縣第12選舉區,張順成,無,02
臺東縣第12選舉區,余秀芳,中國國民黨,03
臺東縣第13選舉區,章正輝,中國國民黨,02
臺東縣第14選舉區,朱連濟,中國國民黨,04
臺東縣第14選舉區,蔡玉玲,無,05
臺東縣第15選舉區,林杉樹,無,01
臺東縣第15選舉區,夏曼‧瑪德能,中國國民黨,02
臺東縣第15選舉區,曾加油,中國國民黨,03
臺東縣第15選舉區,黃天德,無,05
澎湖縣第1選舉區,陳百川,中國國民黨,01
澎湖縣第1選舉區,黃春燕,無,02
澎湖縣第1選舉區,蘇陳綉色,無,02
澎湖縣第1選舉區,許麗音,無,02
澎湖縣第1選舉區,郁國麟,無,02
澎湖縣第1選舉區,顏嘉弘,中國國民黨,02
澎湖縣第1選舉區,張再興,無,02
澎湖縣第1選舉區,陳慧玲,民主進步黨,02
澎湖縣第1選舉區,呂黃春金,民主進步黨,02
澎湖縣第1選舉區,吳文相,無,02
澎湖縣第1選舉區,陳海山,無,02
澎湖縣第1選舉區,陳雙全,中國國民黨,02
澎湖縣第1選舉區,許神賜,無,02
澎湖縣第1選舉區,藍俊逸,中國國民黨,02
澎湖縣第1選舉區,胡松榮,中國國民黨,02
澎湖縣第1選舉區,劉陳昭玲,中國國民黨,05
澎湖縣第1選舉區,傅靜凡,綠黨,05
澎湖縣第1選舉區,蔡金美,無黨團結聯盟,05
澎湖縣第1選舉區,黄俊仁,無,05
澎湖縣第2選舉區,陳振中,中國國民黨,02
澎湖縣第2選舉區,成萬貫,無,02
澎湖縣第2選舉區,蔡清續,無,02
澎湖縣第2選舉區,歐陽洲,無,05
澎湖縣第3選舉區,魏長源,無,02
澎湖縣第3選舉區,宋國進,中國國民黨,02
澎湖縣第3選舉區,許龍聰,無,02
澎湖縣第3選舉區,鄭來得,無,05
澎湖縣第4選舉區,楊石龍,無,02
澎湖縣第5選舉區,俞喜龍,無,02
澎湖縣第5選舉區,陳佩真,無,05
澎湖縣第5選舉區,葉明縣,無,05
澎湖縣第6選舉區,呂啓宗,無,01
澎湖縣第6選舉區,夏晨榮,中國國民黨,05
金門縣第1選舉區,林孫全,中國國民黨,01
金門縣第1選舉區,歐陽儀雄,中國國民黨,02
金門縣第1選舉區,李誠智,中國國民黨,02
金門縣第1選舉區,石永城,無,02
金門縣第1選舉區,許建中,中國國民黨,02
金門縣第1選舉區,李錫添,中國國民黨,02
金門縣第1選舉區,許玉昭,中國國民黨,02
金門縣第1選舉區,陳滄江,民主進步黨,02
金門縣第1選舉區,陳衍利,中國國民黨,02
金門縣第1選舉區,許志猛,無,02
金門縣第1選舉區,洪允典,中國國民黨,03
金門縣第1選舉區,王碧珍,無,04
金門縣第1選舉區,許華玉,中國國民黨,05
金門縣第1選舉區,唐麗輝,無,05
金門縣第1選舉區,楊萬山,中國國民黨,05
金門縣第1選舉區,楊永立,中國國民黨,05
金門縣第1選舉區,廖進入,中國國民黨,05
金門縣第1選舉區,黃啟璋,無,05
金門縣第1選舉區,翁銘駿,中國國民黨,05
金門縣第2選舉區,李應文,中國國民黨,01
金門縣第2選舉區,陳玉珍,無,01
金門縣第2選舉區,陳美雲,無,01
金門縣第2選舉區,陳文慶,無,02
金門縣第2選舉區,徐鴻義,無,02
金門縣第2選舉區,蔡其賀,無,04
金門縣第2選舉區,王再生,中國國民黨,04
金門縣第2選舉區,蔡水游,中國國民黨,05
金門縣第2選舉區,周子傑,中國國民黨,05
金門縣第2選舉區,蔡春生,中國國民黨,05
金門縣第2選舉區,陳志斌,中國國民黨,05
金門縣第2選舉區,張雲德,中國國民黨,05
金門縣第2選舉區,謝東龍,中國國民黨,05
金門縣第3選舉區,林金量,中國國民黨,02
金門縣第3選舉區,呂俊龍,中國國民黨,02
金門縣第3選舉區,洪鴻斌,中國國民黨,02
金門縣第3選舉區,洪輝榮,無,05
金門縣第3選舉區,洪麗萍,中國國民黨,05
連江縣第1選舉區,曹爾章,中國國民黨,01
連江縣第1選舉區,曹丞君,無,01
連江縣第1選舉區,林貽祥,中國國民黨,02
連江縣第1選舉區,林惠萍,中國國民黨,04
連江縣第1選舉區,陳書建,中國國民黨,05
連江縣第1選舉區,朱秀平,中國國民黨,05
連江縣第1選舉區,曹以標,無,05
連江縣第1選舉區,林明揚,中國國民黨,05
連江縣第2選舉區,王長明,無,01
連江縣第2選舉區,陳貴忠,中國國民黨,01
連江縣第2選舉區,周瑞國,中國國民黨,02
連江縣第3選舉區,柯玉官,中國國民黨,02
連江縣第3選舉區,陳貽斌,中國國民黨,02
連江縣第4選舉區,張永江,無,01
連江縣第4選舉區,馮印才,無,03
基隆市第1選舉區,張淵翔,中國國民黨,02
基隆市第1選舉區,徐莉莉,親民黨,02
基隆市第1選舉區,藍敏煌,中國國民黨,05
基隆市第1選舉區,余重城,人民民主陣線,05
基隆市第1選舉區,詹春陽,民主進步黨,05
基隆市第1選舉區,呂美玲,中國國民黨,05
基隆市第2選舉區,余宗珮,親民黨,02
基隆市第2選舉區,陳宜,無,02
基隆市第2選舉區,賴正庸,無,03
基隆市第2選舉區,林月琴,台灣團結聯盟,03
基隆市第2選舉區,林家益,無,04
基隆市第2選舉區,鄭村棋,人民民主陣線,05
基隆市第2選舉區,陳東財,民主進步黨,05
基隆市第2選舉區,何淑萍,中國國民黨,05
基隆市第2選舉區,韓良圻,無,05
基隆市第2選舉區,張漢土,中國國民黨,05
基隆市第3選舉區,林華生,無,02
基隆市第3選舉區,曾紀嚴,中國國民黨,02
基隆市第3選舉區,江書豪,無,02
基隆市第3選舉區,黃小陵,人民民主陣線,02
基隆市第3選舉區,陳建雄,民主進步黨,02
基隆市第3選舉區,林淑姣,無,02
基隆市第3選舉區,藍正宗,中國國民黨,05
基隆市第3選舉區,莊榮欽,中國國民黨,05
基隆市第3選舉區,游祥耀,民主進步黨,05
基隆市第3選舉區,張芳麗,中國國民黨,05
基隆市第3選舉區,駱智仁,中國國民黨,05
基隆市第4選舉區,宋瑋莉,中國國民黨,02
基隆市第4選舉區,莊敬聖,無,02
基隆市第4選舉區,陳志和,無,02
基隆市第4選舉區,龔尤倩,人民民主陣線,04
基隆市第4選舉區,張錦煌,民主進步黨,05
基隆市第4選舉區,施世明,民主進步黨,05
基隆市第4選舉區,楊石城,中國國民黨,05
基隆市第5選舉區,莊錦田,親民黨,02
基隆市第5選舉區,俞叁發,中國國民黨,02
基隆市第5選舉區,鄭林清良,中國國民黨,02
基隆市第5選舉區,沈義傳,中國國民黨,02
基隆市第5選舉區,袁孔琪,人民民主陣線,05
基隆市第5選舉區,秦鉦,中國國民黨,05
基隆市第5選舉區,洪森永,民主進步黨,05
基隆市第5選舉區,蔡適應,民主進步黨,05
基隆市第5選舉區,陳志成,民主進步黨,05
基隆市第6選舉區,陳江山,中國國民黨,02
基隆市第6選舉區,鄭可熙,無,02
基隆市第6選舉區,鄭怡信,無,02
基隆市第6選舉區,王奕荃,中國國民黨,02
基隆市第6選舉區,林明智,民主進步黨,02
基隆市第6選舉區,王醒之,無,03
基隆市第6選舉區,連恩典,無,04
基隆市第7選舉區,張耿輝,無,02
基隆市第7選舉區,吳桐茂,無,02
基隆市第7選舉區,楊秀玉,親民黨,02
基隆市第7選舉區,高辜惠珍,中國國民黨,02
基隆市第7選舉區,張美瓊,民主進步黨,02
基隆市第7選舉區,蔡旺璉,中國國民黨,02
基隆市第7選舉區,陳永順,中國國民黨,03
基隆市第7選舉區,蘇財發,中國國民黨,05
基隆市第7選舉區,陳重光,人民民主陣線,05
基隆市第7選舉區,蘇仁和,民主進步黨,05
基隆市第7選舉區,張明麗,綠黨,05
基隆市第7選舉區,崔靜玫,無,05
基隆市第8選舉區,陳明建,無,01
基隆市第8選舉區,拔耐‧茹妮老王,無,03
基隆市第8選舉區,朱瑞祥,中國國民黨,04
新竹市第1選舉區,曾資程,民主進步黨,01
新竹市第1選舉區,鄭貴元,民主進步黨,01
新竹市第1選舉區,鄭宏輝,民主進步黨,01
新竹市第1選舉區,余振福,中國國民黨,02
新竹市第1選舉區,余邦彥,中國國民黨,02
新竹市第1選舉區,謝希誠,中國國民黨,02
新竹市第1選舉區,鄭正鈐,中國國民黨,02
新竹市第1選舉區,王瑄,無,02
新竹市第1選舉區,段孝芳,中國國民黨,02
新竹市第1選舉區,張祖琰,中國國民黨,02
新竹市第1選舉區,劉聲正,台灣團結聯盟,02
新竹市第1選舉區,鍾淑英,中國國民黨,02
新竹市第1選舉區,羅文熾,無,02
新竹市第1選舉區,楊志翔,綠黨,02
新竹市第1選舉區,謝治,新黨,03
新竹市第1選舉區,曹永明,親民黨,03
新竹市第1選舉區,李炳煌,無,03
新竹市第1選舉區,李國璋,中國國民黨,03
新竹市第1選舉區,羅華強,無,03
新竹市第1選舉區,廖婉君,無,05
新竹市第1選舉區,程澎澎,無,05
新竹市第1選舉區,方俊評,無,05
新竹市第1選舉區,蕭吉隆,無,05
新竹市第2選舉區,許修睿,無,01
新竹市第2選舉區,施乃如,民主進步黨,01
新竹市第2選舉區,許文棟,無,01
新竹市第2選舉區,徐信芳,中國國民黨,02
新竹市第2選舉區,何佳樺,中國國民黨,02
新竹市第2選舉區,宋金海,無,02
新竹市第2選舉區,林碧霞,台灣團結聯盟,05
新竹市第2選舉區,鍾淑姬,無,05
新竹市第2選舉區,田雅芳,無,05
新竹市第3選舉區,鄭正宗,民主進步黨,01
新竹市第3選舉區,呂於台,中國國民黨,02
新竹市第3選舉區,陳治雄,中國國民黨,02
新竹市第3選舉區,熊哲良,親民黨,05
新竹市第3選舉區,駱克欽,無,05
新竹市第4選舉區,吳秋穀,民主進步黨,01
新竹市第4選舉區,蕭志潔,中國國民黨,02
新竹市第4選舉區,吳青山,中國國民黨,02
新竹市第4選舉區,陳清全,無,02
新竹市第4選舉區,彭昆耀,無,03
新竹市第4選舉區,王銘宗,無,04
新竹市第4選舉區,謝文進,無,05
新竹市第4選舉區,湯新如,無,05
新竹市第4選舉區,林殷如,無,05
新竹市第4選舉區,顏政德,中國國民黨,05
新竹市第4選舉區,林飛鵬,無,05
新竹市第4選舉區,黃美慧,無,05
新竹市第4選舉區,孫鍚洲,無,05
新竹市第4選舉區,李姸慧,無,05
新竹市第5選舉區,林盈徹,民主進步黨,01
新竹市第5選舉區,陳啓源,無,02
新竹市第5選舉區,賀玉燕,中國國民黨,02
新竹市第5選舉區,鄭成光,中國國民黨,02
新竹市第5選舉區,吳國寶,無,02
新竹市第5選舉區,王明魁,無,02
新竹市第5選舉區,林梅華,無,02
新竹市第5選舉區,林耕仁,中國國民黨,03
新竹市第5選舉區,黃彥儒,無,04
新竹市第6選舉區,林慈愛,中國國民黨,02
新竹市第6選舉區,劉美玲,無,05
新竹市第6選舉區,鄭主,無,05
嘉義市第1選舉區,黃國村,中國國民黨,01
嘉義市第1選舉區,洪有仁,無,01
嘉義市第1選舉區,廖梅江,民主進步黨,02
嘉義市第1選舉區,黃秋澤,無,02
嘉義市第1選舉區,李奕德,無,02
嘉義市第1選舉區,戴寧,無,02
嘉義市第1選舉區,蔡永泉,台灣團結聯盟,02
嘉義市第1選舉區,黃盈智,民主進步黨,02
嘉義市第1選舉區,林瑞霞,無,04
嘉義市第1選舉區,張敏琪,中國國民黨,05
嘉義市第1選舉區,張榮藏,無,05
嘉義市第1選舉區,黃露慧,民主進步黨,05
嘉義市第1選舉區,蔡尚媞,樹黨,05
嘉義市第1選舉區,傅大偉,中國國民黨,05
嘉義市第1選舉區,郭明賓,中國國民黨,05
嘉義市第1選舉區,郭文居,中國國民黨,05
嘉義市第2選舉區,蘇澤峰,無,01
嘉義市第2選舉區,莊豐安,無,02
嘉義市第2選舉區,陳幸枝,民主進步黨,02
嘉義市第2選舉區,陳姿妏,無,02
嘉義市第2選舉區,蕭文億,中國國民黨,02
嘉義市第2選舉區,李孟哲,台灣團結聯盟,02
嘉義市第2選舉區,陳文齡,中國國民黨,02
嘉義市第2選舉區,吳上明,無,02
嘉義市第2選舉區,譚國華,中國國民黨,02
嘉義市第2選舉區,蔡文旭,民主進步黨,03
嘉義市第2選舉區,蔡榮豐,無,03
嘉義市第2選舉區,蕭淑麗,無,04
嘉義市第2選舉區,黃大祐,民主進步黨,05
嘉義市第2選舉區,鄭光宏,中國國民黨,05
嘉義市第2選舉區,張秀華,中國國民黨,05
嘉義市第2選舉區,廖天隆,無,05
嘉義市第2選舉區,李忠曆,無,05
嘉義市第2選舉區,王美惠,民主進步黨,05
