新竹縣竹北市第1選舉區,張美珠,中華統一促進黨,01
新竹縣竹北市第1選舉區,林維洲,中國國民黨,01
新竹縣竹北市第1選舉區,羅源旺,中國國民黨,02
新竹縣竹北市第1選舉區,徐鼎昌,中國國民黨,02
新竹縣竹北市第1選舉區,田耕豪,無,02
新竹縣竹北市第1選舉區,林祺烜,無,03
新竹縣竹北市第1選舉區,林燕聰,無,03
新竹縣竹北市第1選舉區,余政達,無,05
新竹縣竹北市第1選舉區,范光禮,無,05
新竹縣竹北市第1選舉區,陳榮燦,無,05
新竹縣竹北市第1選舉區,高民晟,樹黨,05
新竹縣竹北市第2選舉區,林啟賢,中國國民黨,01
新竹縣竹北市第2選舉區,蘇榮基,中國國民黨,02
新竹縣竹北市第2選舉區,黃宜楨,中國國民黨,02
新竹縣竹北市第2選舉區,邊作樑,無,02
新竹縣竹北市第2選舉區,黃華松,中國國民黨,02
新竹縣竹北市第2選舉區,陳素珍,中國國民黨,02
新竹縣竹北市第2選舉區,林增堂,中國國民黨,02
新竹縣竹北市第2選舉區,林保鷺,中國國民黨,02
新竹縣竹北市第2選舉區,曾美琴,中國國民黨,05
新竹縣竹北市第2選舉區,許育綸,樹黨,05
新竹縣竹北市第2選舉區,楊瑞蘭,無,05
新竹縣竹北市第3選舉區,鄭慶源,無,02
新竹縣竹北市第3選舉區,郭憲棠,無,02
新竹縣竹北市第3選舉區,葉信輝,無,05
新竹縣竹北市第4選舉區,蔡文苑,無,01
新竹縣竹北市第4選舉區,鍾國章,無,02
新竹縣竹北市第4選舉區,曾金清,無,02
新竹縣竹東鎮第1選舉區,溫瑞鵬,無,01
新竹縣竹東鎮第1選舉區,蕭雲浪,中國國民黨,02
新竹縣竹東鎮第1選舉區,胡兆恩,無,03
新竹縣竹東鎮第1選舉區,梁鴻樓,中國國民黨,03
新竹縣竹東鎮第1選舉區,彭金賢,中國國民黨,05
新竹縣竹東鎮第2選舉區,范國威,中國國民黨,02
新竹縣竹東鎮第2選舉區,陳達琳,中國國民黨,02
新竹縣竹東鎮第2選舉區,何寬能,無,05
新竹縣竹東鎮第2選舉區,范振港,無,05
新竹縣竹東鎮第3選舉區,李秀容,中國國民黨,02
新竹縣竹東鎮第3選舉區,劉興涼,中國國民黨,02
新竹縣竹東鎮第3選舉區,葉姵宇,中國國民黨,02
新竹縣竹東鎮第3選舉區,鄭朝日,無,04
新竹縣竹東鎮第3選舉區,黃豪杰,中國國民黨,05
新竹縣竹東鎮第3選舉區,陳昌平,無,05
新竹縣竹東鎮第4選舉區,林真義,中國國民黨,02
新竹縣竹東鎮第4選舉區,吳棋鴻,無,02
新竹縣竹東鎮第4選舉區,曾建雄,無,02
新竹縣竹東鎮第4選舉區,呂灝騰,中國國民黨,03
新竹縣竹東鎮第4選舉區,蔡東泉,民主進步黨,03
新竹縣竹東鎮第4選舉區,徐呂麗琴,中國國民黨,05
新竹縣新埔鎮第1選舉區,謝羅常英,中國國民黨,02
新竹縣新埔鎮第1選舉區,張源勝,無,02
新竹縣新埔鎮第1選舉區,劉春輝,無,02
新竹縣新埔鎮第1選舉區,鄧永勝,無,03
新竹縣新埔鎮第1選舉區,陳賢榮,中國國民黨,05
新竹縣新埔鎮第1選舉區,林祺棠,無,05
新竹縣新埔鎮第1選舉區,詹前湧,無,05
新竹縣新埔鎮第2選舉區,馮天鍾,無,02
新竹縣新埔鎮第2選舉區,范振葵,無,03
新竹縣新埔鎮第2選舉區,陳新源,勞動黨,04
新竹縣新埔鎮第3選舉區,蔡錦堂,中國國民黨,02
新竹縣新埔鎮第3選舉區,羅志堅,無,04
新竹縣新埔鎮第3選舉區,王張碧冬,無,05
新竹縣新埔鎮第4選舉區,范煥松,無,02
新竹縣新埔鎮第4選舉區,林益賢,無,02
新竹縣關西鎮第1選舉區,王玉蓮,中國國民黨,02
新竹縣關西鎮第1選舉區,彭兆銘,無,02
新竹縣關西鎮第1選舉區,張紹龍,無,02
新竹縣關西鎮第1選舉區,劉德樑,中國國民黨,02
新竹縣關西鎮第1選舉區,詹玉珠,中國國民黨,05
新竹縣關西鎮第1選舉區,羅萬興,無,05
新竹縣關西鎮第1選舉區,彭振雄,無,05
新竹縣關西鎮第2選舉區,羅吉強,中國國民黨,02
新竹縣關西鎮第2選舉區,陳光彩,中國國民黨,05
新竹縣關西鎮第2選舉區,葉來富,無,05
新竹縣關西鎮第3選舉區,邱乾友,中國國民黨,01
新竹縣關西鎮第3選舉區,范銚鴻,無,05
新竹縣關西鎮第3選舉區,黃輝鳳,中國國民黨,05
新竹縣關西鎮第4選舉區,嚴司郎,無,02
新竹縣關西鎮第4選舉區,張漢南,無,02
新竹縣關西鎮第4選舉區,林朝棟,中國國民黨,02
新竹縣關西鎮第4選舉區,李常棟,中國國民黨,02
新竹縣關西鎮第4選舉區,黃淼霖,中國國民黨,03
新竹縣湖口鄉第1選舉區,范振龍,中國國民黨,01
新竹縣湖口鄉第1選舉區,巫光生,中國國民黨,02
新竹縣湖口鄉第1選舉區,張春香,中國國民黨,02
新竹縣湖口鄉第1選舉區,鄭光浩,無,05
新竹縣湖口鄉第1選舉區,陳德木,中國國民黨,05
新竹縣湖口鄉第2選舉區,陳永馨,民主進步黨,01
新竹縣湖口鄉第2選舉區,袁美雲,中國國民黨,02
新竹縣湖口鄉第2選舉區,羅瑞珠,中國國民黨,02
新竹縣湖口鄉第2選舉區,葉時優,中國國民黨,02
新竹縣湖口鄉第2選舉區,萬正英,中國國民黨,02
新竹縣湖口鄉第2選舉區,戴貴香,中國國民黨,02
新竹縣湖口鄉第2選舉區,黃乾海,中國國民黨,02
新竹縣湖口鄉第2選舉區,湯文忠,中國國民黨,02
新竹縣湖口鄉第3選舉區,吳勝通,中國國民黨,01
新竹縣湖口鄉第3選舉區,陳新源,中國國民黨,01
新竹縣湖口鄉第3選舉區,翁紹軒,中國國民黨,05
新竹縣湖口鄉第3選舉區,張衡堂,中國國民黨,05
新竹縣湖口鄉第3選舉區,徐國萬,無,05
新竹縣湖口鄉第4選舉區,劉昌榮,中國國民黨,02
新竹縣湖口鄉第4選舉區,鄭宏揚,中國國民黨,02
新竹縣新豐鄉第1選舉區,徐繼相,無,01
新竹縣新豐鄉第1選舉區,羅時乾,無,02
新竹縣新豐鄉第1選舉區,曾文忠,無,02
新竹縣新豐鄉第1選舉區,黃錦秀,無,05
新竹縣新豐鄉第2選舉區,許秋澤,中國國民黨,02
新竹縣新豐鄉第2選舉區,許清溪,民主進步黨,02
新竹縣新豐鄉第2選舉區,官進賢,無,02
新竹縣新豐鄉第3選舉區,鄭奕財,中國國民黨,02
新竹縣新豐鄉第3選舉區,黃鴻澄,中國國民黨,02
新竹縣新豐鄉第3選舉區,張然量,無,05
新竹縣新豐鄉第4選舉區,甘淑娥,中國國民黨,02
新竹縣新豐鄉第4選舉區,戴玉樹,中國國民黨,02
新竹縣新豐鄉第4選舉區,許誠忠,中國國民黨,02
新竹縣新豐鄉第4選舉區,鍾秀菊,無,02
新竹縣新豐鄉第4選舉區,簡崇渙,無,02
新竹縣新豐鄉第4選舉區,許錦煙,無,02
新竹縣芎林鄉第1選舉區,范揚桂,無,01
新竹縣芎林鄉第1選舉區,馮堯浪,中國國民黨,02
新竹縣芎林鄉第2選舉區,范振乾,無,02
新竹縣芎林鄉第2選舉區,陳星宏,中國國民黨,02
新竹縣芎林鄉第2選舉區,鍾德勝,無,03
新竹縣芎林鄉第3選舉區,姜義助,中國國民黨,02
新竹縣芎林鄉第3選舉區,劉興振,無,02
新竹縣芎林鄉第3選舉區,曾永來,無,02
新竹縣芎林鄉第3選舉區,林春杏,無,05
新竹縣芎林鄉第4選舉區,林礽俊,無,02
新竹縣芎林鄉第4選舉區,鄭昱芸,無,02
新竹縣芎林鄉第4選舉區,劉繡容,中國國民黨,02
新竹縣芎林鄉第4選舉區,黃正彪,中國國民黨,02
新竹縣芎林鄉第4選舉區,彭信康,民主進步黨,03
新竹縣芎林鄉第4選舉區,林彭玉連,中國國民黨,05
新竹縣芎林鄉第4選舉區,楊秋賢,無,05
新竹縣芎林鄉第4選舉區,劉名揚,無,05
新竹縣芎林鄉第4選舉區,劉自展,無,05
新竹縣橫山鄉第1選舉區,彭昌智,無,02
新竹縣橫山鄉第1選舉區,詹廷有,無,02
新竹縣橫山鄉第1選舉區,羅榮泉,無,02
新竹縣橫山鄉第1選舉區,古鋓明,中國國民黨,05
新竹縣橫山鄉第1選舉區,羅仙齡,無,05
新竹縣橫山鄉第1選舉區,李麗英,中國國民黨,05
新竹縣橫山鄉第1選舉區,周思連,中國國民黨,05
新竹縣橫山鄉第1選舉區,黃誠杰,中國國民黨,05
新竹縣橫山鄉第2選舉區,莊莊秀,中國國民黨,02
新竹縣橫山鄉第2選舉區,羅朝洋,無,02
新竹縣橫山鄉第2選舉區,甘必沐,中國國民黨,02
新竹縣橫山鄉第2選舉區,陳文亮,無,02
新竹縣橫山鄉第2選舉區,羅世達,無,03
新竹縣橫山鄉第3選舉區,劉修汀,中國國民黨,02
新竹縣橫山鄉第3選舉區,朱陳源,中國國民黨,03
新竹縣橫山鄉第4選舉區,黃奎鑑,中國國民黨,05
新竹縣橫山鄉第4選舉區,張智傑,無,05
新竹縣北埔鄉第1選舉區,徐鏡明,中國國民黨,02
新竹縣北埔鄉第1選舉區,彭月秋,中國國民黨,05
新竹縣北埔鄉第1選舉區,陳姜玉蘭,中國國民黨,05
新竹縣北埔鄉第1選舉區,楊葵琇,無,05
新竹縣北埔鄉第2選舉區,李瑞玉,中國國民黨,02
新竹縣北埔鄉第2選舉區,彭紹銓,無,02
新竹縣北埔鄉第2選舉區,林六郎,無,02
新竹縣北埔鄉第2選舉區,陳彭春梅,中國國民黨,05
新竹縣北埔鄉第2選舉區,陳煥堃,中國國民黨,05
新竹縣北埔鄉第3選舉區,麥德燕,中國國民黨,05
新竹縣北埔鄉第3選舉區,彭國榮,無,05
新竹縣寶山鄉第1選舉區,葉秀桃,中國國民黨,02
新竹縣寶山鄉第1選舉區,林順生,中國國民黨,02
新竹縣寶山鄉第1選舉區,陳昌鈐,無,05
新竹縣寶山鄉第1選舉區,陳秀霞,無,05
新竹縣寶山鄉第1選舉區,陳賢裕,無,05
新竹縣寶山鄉第1選舉區,鍾金霖,無,05
新竹縣寶山鄉第1選舉區,蔡武結,中國國民黨,05
新竹縣寶山鄉第1選舉區,胡其正,無,05
新竹縣寶山鄉第2選舉區,陳東平,中國國民黨,02
新竹縣寶山鄉第2選舉區,朱國華,中國國民黨,05
新竹縣寶山鄉第3選舉區,江民雄,中國國民黨,05
新竹縣寶山鄉第3選舉區,古仁樺,無,05
新竹縣寶山鄉第4選舉區,蘇敬豈,無,01
新竹縣寶山鄉第4選舉區,廖英雄,中國國民黨,02
新竹縣寶山鄉第4選舉區,詹益全,無,05
新竹縣寶山鄉第4選舉區,林麗華,無,05
新竹縣峨眉鄉第1選舉區,黎侑昌,民主進步黨,02
新竹縣峨眉鄉第1選舉區,彭添增,無,02
新竹縣峨眉鄉第1選舉區,徐明憲,中國國民黨,05
新竹縣峨眉鄉第1選舉區,彭增男,無,05
新竹縣峨眉鄉第2選舉區,黃森昌,無,02
新竹縣峨眉鄉第2選舉區,莊少雀,無,02
新竹縣峨眉鄉第2選舉區,陳美玲,無,02
新竹縣峨眉鄉第2選舉區,張芝瑋,民主進步黨,04
新竹縣峨眉鄉第2選舉區,何秋香,中國國民黨,05
新竹縣峨眉鄉第2選舉區,温修汝,中國國民黨,05
新竹縣尖石鄉第1選舉區,徐世忠,中國國民黨,05
新竹縣尖石鄉第1選舉區,陳沺宇,無,05
新竹縣尖石鄉第1選舉區,許清光,無,05
新竹縣尖石鄉第1選舉區,陳逢富,中國國民黨,05
新竹縣尖石鄉第1選舉區,高忠正,無,05
新竹縣尖石鄉第2選舉區,何江玉秀,中國國民黨,01
新竹縣尖石鄉第2選舉區,徐健福,中國國民黨,05
新竹縣尖石鄉第2選舉區,李志松,無,05
新竹縣尖石鄉第3選舉區,溫武雄,無,01
新竹縣尖石鄉第3選舉區,江瑞山,無,01
新竹縣尖石鄉第3選舉區,游有連,中國國民黨,02
新竹縣尖石鄉第3選舉區,徐大衛,無,02
新竹縣尖石鄉第3選舉區,蔡清郎,無,04
新竹縣尖石鄉第3選舉區,廖英雄,無,05
新竹縣尖石鄉第3選舉區,江朝西,中國國民黨,05
新竹縣尖石鄉第3選舉區,范中強,無,05
新竹縣五峰鄉第1選舉區,林福財,無,02
新竹縣五峰鄉第1選舉區,趙金榮,中國國民黨,05
新竹縣五峰鄉第1選舉區,林立峰,中國國民黨,05
新竹縣五峰鄉第1選舉區,萬盛雄,無,05
新竹縣五峰鄉第2選舉區,彭武藏,無,02
新竹縣五峰鄉第2選舉區,曾榮貴,中國國民黨,03
新竹縣五峰鄉第2選舉區,錢光輝,無,04
新竹縣五峰鄉第2選舉區,張輝榮,無,05
新竹縣五峰鄉第2選舉區,張金昌,無,05
新竹縣五峰鄉第2選舉區,秋美玉,中國國民黨,05
新竹縣五峰鄉第3選舉區,達陸．翡述,無,01
新竹縣五峰鄉第3選舉區,彭興福,中國國民黨,01
新竹縣五峰鄉第3選舉區,呂小龍,無,02
新竹縣五峰鄉第3選舉區,林金土,無,05
新竹縣五峰鄉第3選舉區,達究．瓦旦,無,05
苗栗縣苗栗市第1選舉區,李肇文,無,01
苗栗縣苗栗市第1選舉區,梁嬌雪,無,02
苗栗縣苗栗市第1選舉區,劉賢嬌,無,02
苗栗縣苗栗市第1選舉區,劉圓蘭,無,04
苗栗縣苗栗市第1選舉區,黃文琴,無,05
苗栗縣苗栗市第2選舉區,朱毅君,中國國民黨,02
苗栗縣苗栗市第2選舉區,羅葉美英,中國國民黨,02
苗栗縣苗栗市第2選舉區,吳慧貞,中國國民黨,02
苗栗縣苗栗市第2選舉區,徐筱菁,民主進步黨,02
苗栗縣苗栗市第2選舉區,王封台,無,02
苗栗縣苗栗市第3選舉區,吳明儒,無,01
苗栗縣苗栗市第3選舉區,江善苗,無,01
苗栗縣苗栗市第3選舉區,劉秀蘭,中國國民黨,02
苗栗縣苗栗市第3選舉區,葉香蘭,中國國民黨,02
苗栗縣苗栗市第3選舉區,謝政權,民主進步黨,02
苗栗縣苗栗市第3選舉區,楊得君,無,04
苗栗縣苗栗市第3選舉區,賴桂煖,無,05
苗栗縣苗栗市第3選舉區,曾秋桃,無,05
苗栗縣苗栗市第3選舉區,呂文松,中國國民黨,05
苗栗縣苗栗市第4選舉區,黃歆雁,中國國民黨,02
苗栗縣苗栗市第4選舉區,羅紹志,中國國民黨,02
苗栗縣苗栗市第4選舉區,邱炳光,無,05
苗栗縣苗栗市第4選舉區,葉日弘,中國國民黨,05
苗栗縣苗栗市第4選舉區,古文欽,無,05
苗栗縣苗栗市第4選舉區,陳仁杰,無,05
苗栗縣苗栗市第4選舉區,蘇文霸,中國國民黨,05
苗栗縣苑裡鎮第1選舉區,洪晃琦,無,02
苗栗縣苑裡鎮第1選舉區,徐美雲,中國國民黨,02
苗栗縣苑裡鎮第1選舉區,孟文源,無,02
苗栗縣苑裡鎮第1選舉區,張琦享,無,02
苗栗縣苑裡鎮第1選舉區,張平奇,民主進步黨,03
苗栗縣苑裡鎮第1選舉區,張素英,無,03
苗栗縣苑裡鎮第1選舉區,張榮忠,無,05
苗栗縣苑裡鎮第1選舉區,王川,無,05
苗栗縣苑裡鎮第1選舉區,鄭百松,無,05
苗栗縣苑裡鎮第2選舉區,賴政瑞,無,02
苗栗縣苑裡鎮第2選舉區,鄭宗國,民主進步黨,03
苗栗縣苑裡鎮第2選舉區,郭國盛,無,05
苗栗縣苑裡鎮第3選舉區,黃永岡,無,03
苗栗縣苑裡鎮第3選舉區,劉國成,無,05
苗栗縣苑裡鎮第3選舉區,林俊廷,中國國民黨,05
苗栗縣苑裡鎮第3選舉區,鄭憲龍,無,05
苗栗縣通霄鎮第1選舉區,吳昭興,無,01
苗栗縣通霄鎮第1選舉區,賴朝欽,民主進步黨,02
苗栗縣通霄鎮第1選舉區,吳珮均,無,02
苗栗縣通霄鎮第1選舉區,鄭國雄,無,02
苗栗縣通霄鎮第1選舉區,林月鳳,無,05
苗栗縣通霄鎮第1選舉區,傅郁揚,無,05
苗栗縣通霄鎮第2選舉區,曾潤祥,無,01
苗栗縣通霄鎮第2選舉區,翁偉國,民主進步黨,01
苗栗縣通霄鎮第2選舉區,徐碧妹,無,02
苗栗縣通霄鎮第2選舉區,彭益發,無,02
苗栗縣通霄鎮第2選舉區,林輝權,無,05
苗栗縣通霄鎮第3選舉區,曾榮銓,無,01
苗栗縣通霄鎮第3選舉區,曾榮民,無,02
苗栗縣通霄鎮第3選舉區,邱文吉,無,02
苗栗縣通霄鎮第3選舉區,邱日亮,民主進步黨,02
苗栗縣通霄鎮第4選舉區,呂金穎,無,02
苗栗縣通霄鎮第4選舉區,陳泉,無,02
苗栗縣通霄鎮第4選舉區,黃榮聰,無,02
苗栗縣通霄鎮第4選舉區,陳文章,無,05
苗栗縣通霄鎮第4選舉區,洪文祥,無,05
苗栗縣竹南鎮第1選舉區,康清字,無,01
苗栗縣竹南鎮第1選舉區,陳永諺,無,02
苗栗縣竹南鎮第1選舉區,蔡津照,無,02
苗栗縣竹南鎮第1選舉區,陳文鋒,無,05
苗栗縣竹南鎮第1選舉區,林武宗,無,05
苗栗縣竹南鎮第2選舉區,林文華,無,02
苗栗縣竹南鎮第2選舉區,陳幸義,無,02
苗栗縣竹南鎮第2選舉區,洪水桔,中國國民黨,02
苗栗縣竹南鎮第2選舉區,洪榮標,無,02
苗栗縣竹南鎮第2選舉區,張佳玲,無,02
苗栗縣竹南鎮第2選舉區,邱進旺,中國國民黨,02
苗栗縣竹南鎮第2選舉區,張仁貴,民主進步黨,03
苗栗縣竹南鎮第2選舉區,何秀綿,無,05
苗栗縣竹南鎮第3選舉區,李城,無,02
苗栗縣竹南鎮第3選舉區,陳萬典,無,02
苗栗縣竹南鎮第3選舉區,許崇傑,無,02
苗栗縣竹南鎮第3選舉區,林萬吉,無,05
苗栗縣竹南鎮第3選舉區,方進興,無,05
苗栗縣竹南鎮第4選舉區,林樹文,無,02
苗栗縣竹南鎮第4選舉區,張中和,無,02
苗栗縣竹南鎮第4選舉區,曾金龍,無,04
苗栗縣頭份鎮第1選舉區,劉文照,中國國民黨,02
苗栗縣頭份鎮第1選舉區,羅文豐,無,02
苗栗縣頭份鎮第1選舉區,黃源祥,無,02
苗栗縣頭份鎮第1選舉區,黃宣乾,民主進步黨,02
苗栗縣頭份鎮第1選舉區,黃為寬,中國國民黨,02
苗栗縣頭份鎮第2選舉區,溫俊勇,無,02
苗栗縣頭份鎮第2選舉區,邱宜松,無,02
苗栗縣頭份鎮第2選舉區,邱秀美,無,05
苗栗縣頭份鎮第2選舉區,陳紀榮,無,05
苗栗縣頭份鎮第3選舉區,陳學琳,中國國民黨,02
苗栗縣頭份鎮第3選舉區,林群峰,無,02
苗栗縣頭份鎮第3選舉區,白珠珍,無,02
苗栗縣頭份鎮第3選舉區,黃壽榮,無,02
苗栗縣頭份鎮第3選舉區,陳詩弦,民主進步黨,02
苗栗縣頭份鎮第3選舉區,黃育烈,無,02
苗栗縣頭份鎮第3選舉區,黎煥強,無,05
苗栗縣頭份鎮第3選舉區,曾玉琳,無,05
苗栗縣頭份鎮第4選舉區,曾畯憲,中國國民黨,02
苗栗縣頭份鎮第4選舉區,劉燕祥,無,02
苗栗縣頭份鎮第5選舉區,顏展銘,無,01
苗栗縣頭份鎮第5選舉區,譚金榮,無,02
苗栗縣頭份鎮第5選舉區,黃炅郎,無,05
苗栗縣後龍鎮第1選舉區,魏子仁,無,01
苗栗縣後龍鎮第1選舉區,王光松,無,02
苗栗縣後龍鎮第1選舉區,呂家慶,無,02
苗栗縣後龍鎮第1選舉區,呂中慶,無,02
苗栗縣後龍鎮第1選舉區,黃秀珍,無,02
苗栗縣後龍鎮第1選舉區,花麗卿,無,02
苗栗縣後龍鎮第1選舉區,謝海山,無,05
苗栗縣後龍鎮第2選舉區,魏水樹,中國國民黨,02
苗栗縣後龍鎮第2選舉區,周政發,無,02
苗栗縣後龍鎮第2選舉區,黃榮火,無,05
苗栗縣後龍鎮第3選舉區,陳國忠,中國國民黨,02
苗栗縣後龍鎮第3選舉區,陳進旺,中國國民黨,02
苗栗縣後龍鎮第3選舉區,林朝通,無,02
苗栗縣後龍鎮第3選舉區,陳美雪,無,02
苗栗縣後龍鎮第4選舉區,蔡易謀,無,02
苗栗縣後龍鎮第4選舉區,王木林,無,02
苗栗縣後龍鎮第4選舉區,鄧秀朗,無,02
苗栗縣後龍鎮第4選舉區,林明樹,無,03
苗栗縣後龍鎮第4選舉區,曾惟宏,無,05
苗栗縣卓蘭鎮第1選舉區,詹愛純,無,02
苗栗縣卓蘭鎮第1選舉區,詹豊霖,無,02
苗栗縣卓蘭鎮第1選舉區,詹士立,無,02
苗栗縣卓蘭鎮第1選舉區,詹麗容,無,05
苗栗縣卓蘭鎮第1選舉區,張春嬌,無,05
苗栗縣卓蘭鎮第2選舉區,謝永興,無,02
苗栗縣卓蘭鎮第2選舉區,王俊昌,無,02
苗栗縣卓蘭鎮第2選舉區,黃張悠遠,無,03
苗栗縣卓蘭鎮第2選舉區,吳文發,無,03
苗栗縣卓蘭鎮第2選舉區,劉嘉臺,無,05
苗栗縣卓蘭鎮第3選舉區,詹振煌,無,01
苗栗縣卓蘭鎮第3選舉區,詹國彬,無,02
苗栗縣卓蘭鎮第3選舉區,房月鳳,無,02
苗栗縣卓蘭鎮第3選舉區,徐鴻炎,無,03
苗栗縣卓蘭鎮第4選舉區,馮秋章,民主進步黨,02
苗栗縣卓蘭鎮第4選舉區,徐善森,無,02
苗栗縣卓蘭鎮第4選舉區,李家龍,無,05
苗栗縣大湖鄉第1選舉區,黃惠琴,無,02
苗栗縣大湖鄉第1選舉區,吳忠雄,無,02
苗栗縣大湖鄉第1選舉區,陳永豪,無,05
苗栗縣大湖鄉第1選舉區,謝見德,無,05
苗栗縣大湖鄉第2選舉區,吳佳銓,無,02
苗栗縣大湖鄉第2選舉區,葉榕德,無,03
苗栗縣大湖鄉第2選舉區,朱泰平,民主進步黨,05
苗栗縣大湖鄉第2選舉區,吳聲松,無,05
苗栗縣大湖鄉第2選舉區,陳勇雄,無,05
苗栗縣大湖鄉第2選舉區,林文宏,無,05
苗栗縣大湖鄉第3選舉區,周石明,無,01
苗栗縣大湖鄉第3選舉區,徐鐵龍,無,05
苗栗縣大湖鄉第4選舉區,范鼎房,無,02
苗栗縣大湖鄉第4選舉區,周石榮,無,05
苗栗縣大湖鄉第4選舉區,詹招坤,無,05
苗栗縣大湖鄉第4選舉區,黃源財,無,05
苗栗縣公館鄉第1選舉區,湛炎慶,中國國民黨,01
苗栗縣公館鄉第1選舉區,劉月惠,中國國民黨,01
苗栗縣公館鄉第1選舉區,徐永源,無,02
苗栗縣公館鄉第1選舉區,謝運煌,中國國民黨,02
苗栗縣公館鄉第1選舉區,邱創烈,無,02
苗栗縣公館鄉第1選舉區,楊家樹,民主進步黨,02
苗栗縣公館鄉第1選舉區,劉冠霆,無,03
苗栗縣公館鄉第1選舉區,朱文龍,無,05
苗栗縣公館鄉第1選舉區,張仁宏,中國國民黨,05
苗栗縣公館鄉第2選舉區,林瑞英,無,01
苗栗縣公館鄉第2選舉區,江璧媛,無,02
苗栗縣公館鄉第2選舉區,黃秀滿,無,05
苗栗縣公館鄉第3選舉區,彭光明,無,01
苗栗縣公館鄉第3選舉區,何在鑫,中國國民黨,01
苗栗縣公館鄉第3選舉區,周逢甲,無,01
苗栗縣公館鄉第3選舉區,張國樑,無,03
苗栗縣公館鄉第3選舉區,劉滿菊,無,05
苗栗縣公館鄉第3選舉區,邱芳玲,中國國民黨,05
苗栗縣公館鄉第3選舉區,周士垣,中國國民黨,05
苗栗縣公館鄉第3選舉區,謝松鳳,無,05
苗栗縣銅鑼鄉第1選舉區,賴碧雲,無,02
苗栗縣銅鑼鄉第1選舉區,陳祁,中國國民黨,02
苗栗縣銅鑼鄉第1選舉區,林九炲,中國國民黨,02
苗栗縣銅鑼鄉第1選舉區,李松光,民主進步黨,05
苗栗縣銅鑼鄉第2選舉區,李瑞廷,中國國民黨,02
苗栗縣銅鑼鄉第2選舉區,張煥文,中國國民黨,05
苗栗縣銅鑼鄉第2選舉區,鍾善云,無,05
苗栗縣銅鑼鄉第3選舉區,劉樹生,中國國民黨,02
苗栗縣銅鑼鄉第3選舉區,徐廷雲,中國國民黨,02
苗栗縣銅鑼鄉第3選舉區,李武松,中國國民黨,05
苗栗縣銅鑼鄉第3選舉區,謝發庚,無,05
苗栗縣銅鑼鄉第3選舉區,李錦俊,無,05
苗栗縣銅鑼鄉第3選舉區,邱雲穀,無,05
苗栗縣銅鑼鄉第4選舉區,劉要國,無,02
苗栗縣銅鑼鄉第4選舉區,陳正欽,無,02
苗栗縣銅鑼鄉第4選舉區,賴坤松,中國國民黨,05
苗栗縣銅鑼鄉第5選舉區,謝清源,無,02
苗栗縣銅鑼鄉第5選舉區,陳阿鴻,中國國民黨,02
苗栗縣南庄鄉第1選舉區,湯月玲,無,02
苗栗縣南庄鄉第1選舉區,林永輝,無,02
苗栗縣南庄鄉第1選舉區,張滿福,中國國民黨,02
苗栗縣南庄鄉第1選舉區,王玉魁,無,02
苗栗縣南庄鄉第1選舉區,彭禮振,無,02
苗栗縣南庄鄉第1選舉區,詹永煌,中國國民黨,02
苗栗縣南庄鄉第1選舉區,詹金菊,中國國民黨,05
苗栗縣南庄鄉第2選舉區,衛燕能,中國國民黨,02
苗栗縣南庄鄉第2選舉區,謝永晟,無,05
苗栗縣南庄鄉第3選舉區,葉清榮,中國國民黨,02
苗栗縣南庄鄉第3選舉區,黃順源,中國國民黨,02
苗栗縣南庄鄉第3選舉區,曾新全,無,05
苗栗縣南庄鄉第3選舉區,邱梓增,無,05
苗栗縣南庄鄉第4選舉區,風勝華,無,02
苗栗縣南庄鄉第4選舉區,風英雄,中國國民黨,02
苗栗縣南庄鄉第4選舉區,劉金鳳,中國國民黨,02
苗栗縣南庄鄉第4選舉區,謝建宇,無,05
苗栗縣頭屋鄉第1選舉區,范賢達,無,02
苗栗縣頭屋鄉第1選舉區,陳謝秋香,無,02
苗栗縣頭屋鄉第1選舉區,張仲煌,無,02
苗栗縣頭屋鄉第1選舉區,許錦堂,無,02
苗栗縣頭屋鄉第1選舉區,陳玫秀,無,05
苗栗縣頭屋鄉第1選舉區,陳賴森妹,無,05
苗栗縣頭屋鄉第1選舉區,謝長錫,無,05
苗栗縣頭屋鄉第1選舉區,江貴熙,無,05
苗栗縣頭屋鄉第1選舉區,吳國光,無,05
苗栗縣頭屋鄉第2選舉區,范發榮,無,02
苗栗縣頭屋鄉第2選舉區,陳漢康,無,05
苗栗縣頭屋鄉第3選舉區,湯于杰,無,02
苗栗縣頭屋鄉第3選舉區,鄭國麟,無,02
苗栗縣頭屋鄉第3選舉區,林清爽,無,05
苗栗縣頭屋鄉第4選舉區,劉家鈞,中國國民黨,02
苗栗縣頭屋鄉第5選舉區,温智宏,無,02
苗栗縣頭屋鄉第5選舉區,涂金臺,無,05
苗栗縣三義鄉第1選舉區,詹益松,無,02
苗栗縣三義鄉第1選舉區,劉醇祿,中國國民黨,02
苗栗縣三義鄉第1選舉區,林盈富,無,02
苗栗縣三義鄉第1選舉區,吳沼原,無,02
苗栗縣三義鄉第1選舉區,吳郅靜,無,04
苗栗縣三義鄉第1選舉區,賴昌爗,無,05
苗栗縣三義鄉第2選舉區,王文成,無,02
苗栗縣三義鄉第2選舉區,江明政,無,02
苗栗縣三義鄉第2選舉區,呂明忠,中國國民黨,02
苗栗縣三義鄉第2選舉區,徐慧珠,無,02
苗栗縣三義鄉第3選舉區,吳家榮,中國國民黨,02
苗栗縣三義鄉第3選舉區,羅時松,無,02
苗栗縣三義鄉第3選舉區,徐健堂,無,02
苗栗縣三義鄉第3選舉區,張玉鳳,中國國民黨,02
苗栗縣三義鄉第4選舉區,吳永金,無,01
苗栗縣三義鄉第4選舉區,黃富裕,無,05
苗栗縣西湖鄉第1選舉區,賴竹英,無,01
苗栗縣西湖鄉第1選舉區,劉盛和,無,02
苗栗縣西湖鄉第1選舉區,徐焱敦,無,05
苗栗縣西湖鄉第1選舉區,劉沐祥,無,05
苗栗縣西湖鄉第1選舉區,邱增雄,無,05
苗栗縣西湖鄉第1選舉區,古金逢,無,05
苗栗縣西湖鄉第2選舉區,古召善,無,01
苗栗縣西湖鄉第2選舉區,高阿賜,無,02
苗栗縣西湖鄉第2選舉區,傅鐘瑩,中國國民黨,05
苗栗縣西湖鄉第2選舉區,古秋雲,無,05
苗栗縣造橋鄉第1選舉區,蔣運添,中國國民黨,02
苗栗縣造橋鄉第1選舉區,栢雲南,中國國民黨,02
苗栗縣造橋鄉第1選舉區,徐永富,無,05
苗栗縣造橋鄉第1選舉區,廖心蘭,無,05
苗栗縣造橋鄉第1選舉區,黃國雄,無,05
苗栗縣造橋鄉第2選舉區,彭宏宇,無,01
苗栗縣造橋鄉第2選舉區,陳琦芳,無,01
苗栗縣造橋鄉第3選舉區,廖義勇,中國國民黨,02
苗栗縣造橋鄉第3選舉區,陳仁康,中國國民黨,02
苗栗縣造橋鄉第3選舉區,林萬樹,無,02
苗栗縣造橋鄉第3選舉區,江梅英,中國國民黨,02
苗栗縣造橋鄉第3選舉區,李錦旭,中國國民黨,02
苗栗縣造橋鄉第3選舉區,張國台,無,05
苗栗縣造橋鄉第3選舉區,林鳳珠,無,05
苗栗縣造橋鄉第4選舉區,古育誌,無,02
苗栗縣造橋鄉第4選舉區,陳裕福,無,05
苗栗縣造橋鄉第4選舉區,陳岳冬,無,05
苗栗縣三灣鄉第1選舉區,廖順和,中國國民黨,01
苗栗縣三灣鄉第1選舉區,徐瓊美,中國國民黨,01
苗栗縣三灣鄉第1選舉區,彭秀珠,無,02
苗栗縣三灣鄉第1選舉區,呂金城,無,02
苗栗縣三灣鄉第1選舉區,黃振宏,無,05
苗栗縣三灣鄉第1選舉區,陳光洋,無,05
苗栗縣三灣鄉第1選舉區,吳嘉松,無,05
苗栗縣三灣鄉第2選舉區,湯春蓮,無,01
苗栗縣三灣鄉第2選舉區,胡貴庭,無,05
苗栗縣三灣鄉第3選舉區,黃開相,無,01
苗栗縣三灣鄉第3選舉區,邱玉英,無,02
苗栗縣三灣鄉第3選舉區,廖木生,無,02
苗栗縣三灣鄉第3選舉區,邱騰森,無,05
苗栗縣獅潭鄉第1選舉區,李春貴,無,01
苗栗縣獅潭鄉第1選舉區,林昌元,中國國民黨,02
苗栗縣獅潭鄉第1選舉區,黃敏琪,無,02
苗栗縣獅潭鄉第1選舉區,謝添君,無,02
苗栗縣獅潭鄉第1選舉區,劉冠奇,無,05
苗栗縣獅潭鄉第2選舉區,鐘德才,中國國民黨,02
苗栗縣獅潭鄉第2選舉區,鍾阿德,無,02
苗栗縣獅潭鄉第2選舉區,謝發汶,中國國民黨,05
苗栗縣獅潭鄉第3選舉區,劉雪梅,無,01
苗栗縣獅潭鄉第3選舉區,劉榮標,無,05
苗栗縣獅潭鄉第3選舉區,詹桶生,中國國民黨,05
苗栗縣泰安鄉第1選舉區,盧光明,無,02
苗栗縣泰安鄉第1選舉區,劉興殷,無,05
苗栗縣泰安鄉第2選舉區,張明輝,中國國民黨,01
苗栗縣泰安鄉第2選舉區,簡義成,中國國民黨,05
苗栗縣泰安鄉第2選舉區,張貴忠,無,05
苗栗縣泰安鄉第3選舉區,詹民杰,無,01
苗栗縣泰安鄉第3選舉區,吳雅各,無,02
苗栗縣泰安鄉第3選舉區,陳道光,中國國民黨,03
苗栗縣泰安鄉第3選舉區,高榮盛,無,03
彰化縣彰化市第1選舉區,李明傑,無,01
彰化縣彰化市第1選舉區,陳錫誠,中國國民黨,01
彰化縣彰化市第1選舉區,蔡裕昌,民主進步黨,02
彰化縣彰化市第1選舉區,楊雅鈞,民主進步黨,02
彰化縣彰化市第1選舉區,陳文賓,無,02
彰化縣彰化市第1選舉區,賴欽聰,無,02
彰化縣彰化市第1選舉區,莊陞漢,民主進步黨,02
彰化縣彰化市第1選舉區,何財義,無,03
彰化縣彰化市第1選舉區,温芝樺,中國國民黨,04
彰化縣彰化市第1選舉區,莊宇禮,無,05
彰化縣彰化市第1選舉區,薛志彬,無,05
彰化縣彰化市第1選舉區,胡再和,中國國民黨,05
彰化縣彰化市第1選舉區,林大傑,無,05
彰化縣彰化市第1選舉區,陳建隆,無,05
彰化縣彰化市第2選舉區,楊元森,無,01
彰化縣彰化市第2選舉區,白慶成,民主進步黨,02
彰化縣彰化市第2選舉區,高龍奎,無,02
彰化縣彰化市第2選舉區,戴秋雲,中國國民黨,02
彰化縣彰化市第2選舉區,陳銌銌,無,02
彰化縣彰化市第2選舉區,鐘健誠,無,05
彰化縣彰化市第2選舉區,楊富鈞,民主進步黨,05
彰化縣彰化市第2選舉區,陳滄池,無,05
彰化縣彰化市第3選舉區,洪柏葳,無,02
彰化縣彰化市第3選舉區,葉永清,中國國民黨,02
彰化縣彰化市第3選舉區,林雨良,民主進步黨,02
彰化縣彰化市第3選舉區,楊玉山,無,02
彰化縣彰化市第3選舉區,吳馬劦怜,中國國民黨,02
彰化縣彰化市第3選舉區,王玲宜,無,05
彰化縣彰化市第4選舉區,張海堂,無,02
彰化縣彰化市第4選舉區,吳文雄,民主進步黨,02
彰化縣彰化市第4選舉區,趙克琴,民主進步黨,02
彰化縣彰化市第4選舉區,林榮堯,民主進步黨,02
彰化縣彰化市第4選舉區,李敬文,無,03
彰化縣彰化市第4選舉區,鄭清龍,無,04
彰化縣彰化市第4選舉區,楊惟欽,無,05
彰化縣彰化市第4選舉區,林深山,中國國民黨,05
彰化縣彰化市第4選舉區,吳臺花,中國國民黨,05
彰化縣彰化市第4選舉區,林明賢,無,05
彰化縣彰化市第4選舉區,彭成翔,無,05
彰化縣鹿港鎮第1選舉區,張寳泉,無,02
彰化縣鹿港鎮第1選舉區,許秉鋐,無,05
彰化縣鹿港鎮第1選舉區,何麗觀,無,05
彰化縣鹿港鎮第1選舉區,郭熤水,民主進步黨,05
彰化縣鹿港鎮第1選舉區,施瑞隆,無,05
彰化縣鹿港鎮第1選舉區,郭火旺,無,05
彰化縣鹿港鎮第2選舉區,許志宏,無,01
彰化縣鹿港鎮第2選舉區,施義成,無,02
彰化縣鹿港鎮第3選舉區,施信任,民主進步黨,02
彰化縣鹿港鎮第3選舉區,吳豐滿,無,03
彰化縣鹿港鎮第3選舉區,王順昌,中國國民黨,04
彰化縣鹿港鎮第4選舉區,許富足,無,02
彰化縣鹿港鎮第4選舉區,莊明昆,無,02
彰化縣鹿港鎮第4選舉區,潘順良,無,02
彰化縣鹿港鎮第4選舉區,洪永川,中國國民黨,05
彰化縣鹿港鎮第4選舉區,潘閔東,無,05
彰化縣鹿港鎮第4選舉區,謝孟釗,無,05
彰化縣鹿港鎮第4選舉區,王建斌,民主進步黨,05
彰化縣和美鎮第1選舉區,蔡長順,無,01
彰化縣和美鎮第1選舉區,周君綾,民主進步黨,02
彰化縣和美鎮第1選舉區,埕春美,無,02
彰化縣和美鎮第1選舉區,陳秀敏,中國國民黨,02
彰化縣和美鎮第1選舉區,蔡佳君,無,02
彰化縣和美鎮第1選舉區,周保方,中國國民黨,02
彰化縣和美鎮第1選舉區,邱俊銘,無,05
彰化縣和美鎮第2選舉區,柯振奇,無,01
彰化縣和美鎮第2選舉區,林玉晴,民主進步黨,02
彰化縣和美鎮第2選舉區,羅文保,無,02
彰化縣和美鎮第2選舉區,陳漢元,中國國民黨,02
彰化縣和美鎮第2選舉區,高秀麗,中國國民黨,05
彰化縣和美鎮第3選舉區,陳炳賢,無,01
彰化縣和美鎮第3選舉區,林明生,民主進步黨,02
彰化縣和美鎮第3選舉區,王淑娟,中國國民黨,02
彰化縣和美鎮第3選舉區,黃昱綺,無,02
彰化縣和美鎮第3選舉區,蔡志嘉,無,02
彰化縣和美鎮第3選舉區,顏永儀,無,05
彰化縣和美鎮第4選舉區,林金鐘,無,02
彰化縣和美鎮第4選舉區,葉嘉旭,無,05
彰化縣和美鎮第4選舉區,陳威勳,無,05
彰化縣線西鄉第1選舉區,陳姿燕,無,02
彰化縣線西鄉第1選舉區,黃章榮,無,02
彰化縣線西鄉第1選舉區,黃嘉發,無,02
彰化縣線西鄉第1選舉區,王水波,無,02
彰化縣線西鄉第1選舉區,黃玉郎,民主進步黨,02
彰化縣線西鄉第1選舉區,黃共郁,無,04
彰化縣線西鄉第1選舉區,黃炤榮,無,05
彰化縣線西鄉第1選舉區,鄭景鴻,中國國民黨,05
彰化縣線西鄉第1選舉區,蕭麗君,無,05
彰化縣線西鄉第2選舉區,黃宏明,無,02
彰化縣線西鄉第2選舉區,黃漢皇,無,05
彰化縣線西鄉第2選舉區,黃共灝,無,05
彰化縣線西鄉第3選舉區,許富榮,無,02
彰化縣線西鄉第3選舉區,曾棃雲,無,02
彰化縣線西鄉第3選舉區,鄭國慶,無,03
彰化縣線西鄉第3選舉區,黃朝登,無,04
彰化縣線西鄉第3選舉區,廖宥淇,無,05
彰化縣伸港鄉第1選舉區,洪榮興,無,02
彰化縣伸港鄉第1選舉區,林其瑞,無,02
彰化縣伸港鄉第1選舉區,陳軒樟,無,02
彰化縣伸港鄉第2選舉區,柯坤和,無,02
彰化縣伸港鄉第2選舉區,柯嘉換,無,02
彰化縣伸港鄉第2選舉區,柯國雄,無,05
彰化縣伸港鄉第3選舉區,曾惠君,無,02
彰化縣伸港鄉第3選舉區,林威遠,無,02
彰化縣伸港鄉第3選舉區,王水泉,無,05
彰化縣伸港鄉第3選舉區,周順燈,無,05
彰化縣伸港鄉第4選舉區,蘇錫岩,民主進步黨,01
彰化縣伸港鄉第4選舉區,黃素月,無,02
彰化縣伸港鄉第4選舉區,曾寶珠,無,02
彰化縣伸港鄉第4選舉區,姚見興,無,02
彰化縣伸港鄉第4選舉區,柯順貴,無,03
彰化縣伸港鄉第4選舉區,柯承翰,無,05
彰化縣伸港鄉第4選舉區,柯玲蘭,無,05
彰化縣福興鄉第1選舉區,梁奕輝,中國國民黨,02
彰化縣福興鄉第1選舉區,陳益昌,無,02
彰化縣福興鄉第1選舉區,陳秀玲,民主進步黨,02
彰化縣福興鄉第2選舉區,蔡金投,無,02
彰化縣福興鄉第2選舉區,洪振淞,無,02
彰化縣福興鄉第2選舉區,吳鎮江,無,05
彰化縣福興鄉第3選舉區,粘孝存,中國國民黨,01
彰化縣福興鄉第3選舉區,徐惠鏡,無,02
彰化縣福興鄉第3選舉區,許明忠,無,02
彰化縣福興鄉第3選舉區,粘文交,民主進步黨,02
彰化縣福興鄉第3選舉區,黃俊源,無,03
彰化縣福興鄉第3選舉區,林淑銀,無,05
彰化縣秀水鄉第1選舉區,張麗美,中國國民黨,02
彰化縣秀水鄉第1選舉區,陳鑲萍,民主進步黨,02
彰化縣秀水鄉第1選舉區,蔣憲忠,無,02
彰化縣秀水鄉第1選舉區,卓明昌,中國國民黨,03
彰化縣秀水鄉第1選舉區,鄭倫杰,中國國民黨,05
彰化縣秀水鄉第1選舉區,李家義,無,05
彰化縣秀水鄉第1選舉區,張焜智,無,05
彰化縣秀水鄉第2選舉區,陳森銘,中國國民黨,02
彰化縣秀水鄉第2選舉區,施順友,民主進步黨,02
彰化縣秀水鄉第2選舉區,張玉龍,無,02
彰化縣秀水鄉第2選舉區,楊錦發,無,02
彰化縣秀水鄉第3選舉區,周日清,中國國民黨,02
彰化縣秀水鄉第3選舉區,吳泳慧,無,02
彰化縣秀水鄉第3選舉區,蘇浚豐,無,02
彰化縣秀水鄉第3選舉區,梁淑絹,民主進步黨,02
彰化縣秀水鄉第3選舉區,林榮秋,民主進步黨,02
彰化縣秀水鄉第3選舉區,陳文欣,無,05
彰化縣花壇鄉第1選舉區,洪信獻,無,01
彰化縣花壇鄉第1選舉區,李政雄,中國國民黨,02
彰化縣花壇鄉第1選舉區,蕭東碧,民主進步黨,02
彰化縣花壇鄉第1選舉區,唐楊罔市,無,02
彰化縣花壇鄉第1選舉區,沈文盛,無,05
彰化縣花壇鄉第2選舉區,莊珮慈,無,01
彰化縣花壇鄉第2選舉區,賴慧霞,無,01
彰化縣花壇鄉第2選舉區,曹煙雯,中國國民黨,02
彰化縣花壇鄉第2選舉區,李其水,民主進步黨,02
彰化縣花壇鄉第2選舉區,許澤鈿,民主進步黨,02
彰化縣花壇鄉第2選舉區,顏許秀美,無,02
彰化縣花壇鄉第2選舉區,黃昭溢,無,02
彰化縣花壇鄉第2選舉區,翁啟祐,中國國民黨,03
彰化縣花壇鄉第2選舉區,曾文志,無,05
彰化縣花壇鄉第2選舉區,黃連財,無,05
彰化縣花壇鄉第2選舉區,葉尚雯,無,05
彰化縣花壇鄉第3選舉區,陳進源,無,01
彰化縣花壇鄉第3選舉區,賴世祥,民主進步黨,02
彰化縣花壇鄉第3選舉區,王淑欣,中國國民黨,03
彰化縣花壇鄉第3選舉區,李岳珉,中國國民黨,04
彰化縣花壇鄉第3選舉區,李永和,無,05
彰化縣花壇鄉第3選舉區,黃泳溱,無,05
彰化縣芬園鄉第1選舉區,陳勝雄,無,01
彰化縣芬園鄉第1選舉區,楊敏惠,無,01
彰化縣芬園鄉第1選舉區,林忠誠,無,01
彰化縣芬園鄉第1選舉區,林金水,無,02
彰化縣芬園鄉第2選舉區,洪千芸,無,01
彰化縣芬園鄉第2選舉區,張松可,無,02
彰化縣芬園鄉第2選舉區,洪慶清,無,02
彰化縣芬園鄉第2選舉區,江黃秀銀,無,04
彰化縣芬園鄉第2選舉區,李麗美,無,05
彰化縣芬園鄉第3選舉區,黃良榮,無,02
彰化縣芬園鄉第3選舉區,謝文環,無,02
彰化縣芬園鄉第3選舉區,黃瑞拱,無,05
彰化縣芬園鄉第4選舉區,許林心,無,01
彰化縣芬園鄉第4選舉區,許清權,無,02
彰化縣芬園鄉第4選舉區,蘇文徹,無,02
彰化縣員林鎮第1選舉區,陳永明,中國國民黨,01
彰化縣員林鎮第1選舉區,張賴緞,無,02
彰化縣員林鎮第1選舉區,張國良,中國國民黨,02
彰化縣員林鎮第1選舉區,江憲政,無,02
彰化縣員林鎮第1選舉區,江永林,民主進步黨,02
彰化縣員林鎮第1選舉區,謝淑敏,無,05
彰化縣員林鎮第1選舉區,張徽澤,中國國民黨,05
彰化縣員林鎮第1選舉區,黃家盛,無,05
彰化縣員林鎮第2選舉區,賴秋桂,中國國民黨,01
彰化縣員林鎮第2選舉區,游健龍,中國國民黨,01
彰化縣員林鎮第2選舉區,曹月碧,民主進步黨,02
彰化縣員林鎮第2選舉區,張榮年,無,02
彰化縣員林鎮第2選舉區,張溪霖,民主進步黨,02
彰化縣員林鎮第2選舉區,吳宗頻,無,05
彰化縣員林鎮第2選舉區,張秀卿,無,05
彰化縣員林鎮第3選舉區,許育嘉,無,01
彰化縣員林鎮第3選舉區,陳天翔,無,01
彰化縣員林鎮第3選舉區,張偉傑,中國國民黨,02
彰化縣員林鎮第3選舉區,江世鐘,中國國民黨,02
彰化縣員林鎮第3選舉區,黃寬裕,無,02
彰化縣員林鎮第3選舉區,江燈村,民主進步黨,02
彰化縣員林鎮第3選舉區,林金泉,民主進步黨,02
彰化縣員林鎮第3選舉區,賴俊良,無,04
彰化縣員林鎮第3選舉區,江鴻程,無,05
彰化縣員林鎮第3選舉區,賴東位,無,05
彰化縣員林鎮第3選舉區,林玟佑,無,05
彰化縣員林鎮第4選舉區,彭惠敏,中國國民黨,01
彰化縣員林鎮第4選舉區,林錦泉,無,02
彰化縣員林鎮第4選舉區,張淑靜,中國國民黨,02
彰化縣員林鎮第4選舉區,黃冠富,無,02
彰化縣員林鎮第4選舉區,黃金堂,民主進步黨,02
彰化縣溪湖鎮第1選舉區,李克珍,無,02
彰化縣溪湖鎮第1選舉區,黃佳惠,無,03
彰化縣溪湖鎮第1選舉區,陳振議,無,04
彰化縣溪湖鎮第1選舉區,楊金龍,無,05
彰化縣溪湖鎮第1選舉區,楊蔡碧霞,無,05
彰化縣溪湖鎮第1選舉區,邱鳳蘭,無,05
彰化縣溪湖鎮第1選舉區,洪本成,無,05
彰化縣溪湖鎮第2選舉區,鄭百甫,無,01
彰化縣溪湖鎮第2選舉區,何武能,民主進步黨,02
彰化縣溪湖鎮第2選舉區,楊淑靜,無,02
彰化縣溪湖鎮第2選舉區,楊舒萍,無,05
彰化縣溪湖鎮第2選舉區,巫宗堯,無,05
彰化縣溪湖鎮第2選舉區,楊道慶,無,05
彰化縣溪湖鎮第2選舉區,吳明聰,無,05
彰化縣溪湖鎮第2選舉區,楊哲夫,無,05
彰化縣溪湖鎮第2選舉區,施佩怡,民主進步黨,05
彰化縣溪湖鎮第2選舉區,巫政雄,無,05
彰化縣溪湖鎮第3選舉區,黃水金,無,01
彰化縣溪湖鎮第3選舉區,徐文宗,無,01
彰化縣溪湖鎮第3選舉區,黃秀椿,中國國民黨,02
彰化縣溪湖鎮第3選舉區,陳興隆,民主進步黨,02
彰化縣溪湖鎮第3選舉區,黃耀堅,無,05
彰化縣田中鎮第1選舉區,游文仁,無,02
彰化縣田中鎮第1選舉區,蕭飛龍,無,05
彰化縣田中鎮第1選舉區,陳瑞德,中國國民黨,05
彰化縣田中鎮第1選舉區,謝自強,中國國民黨,05
彰化縣田中鎮第2選舉區,陳東傑,無,01
彰化縣田中鎮第2選舉區,賴世賢,無,02
彰化縣田中鎮第2選舉區,林縈潔,無,02
彰化縣田中鎮第2選舉區,謝如鑾,民主進步黨,02
彰化縣田中鎮第2選舉區,陳吉安,無,02
彰化縣田中鎮第2選舉區,陳耀堂,中國國民黨,04
彰化縣田中鎮第2選舉區,蕭家銘,無,05
彰化縣田中鎮第3選舉區,范風明,民主進步黨,01
彰化縣田中鎮第3選舉區,何在鎣,無,01
彰化縣田中鎮第3選舉區,葉賞,無,02
彰化縣田中鎮第3選舉區,陳易呈,無,02
彰化縣田中鎮第3選舉區,邱垂鏞,無,03
彰化縣田中鎮第3選舉區,曾福傳,無,05
彰化縣田中鎮第3選舉區,蕭彩勤,無,05
彰化縣大村鄉第1選舉區,賴木道,中國國民黨,01
彰化縣大村鄉第1選舉區,蕭桂英,無,02
彰化縣大村鄉第1選舉區,沈季稜,無,02
彰化縣大村鄉第1選舉區,謝能泉,無,02
彰化縣大村鄉第1選舉區,吳廣助,無,02
彰化縣大村鄉第1選舉區,賴志銘,無,05
彰化縣大村鄉第2選舉區,黃錫暉,無,02
彰化縣大村鄉第2選舉區,游志銘,無,02
彰化縣大村鄉第2選舉區,陳祿福,無,05
彰化縣大村鄉第3選舉區,游振園,無,02
彰化縣大村鄉第3選舉區,游振府,無,02
彰化縣大村鄉第3選舉區,游飛鵬,無,02
彰化縣大村鄉第4選舉區,賴慶昇,無,01
彰化縣大村鄉第4選舉區,廖桂杭,無,02
彰化縣大村鄉第4選舉區,賴玟廷,無,02
彰化縣大村鄉第4選舉區,賴瑞盛,無,02
彰化縣埔鹽鄉第1選舉區,蔡素卿,無,02
彰化縣埔鹽鄉第1選舉區,陳明珠,無,02
彰化縣埔鹽鄉第1選舉區,陳武騰,無,05
彰化縣埔鹽鄉第1選舉區,林永裕,民主進步黨,05
彰化縣埔鹽鄉第1選舉區,顏錫寬,無,05
彰化縣埔鹽鄉第2選舉區,翁大展,無,01
彰化縣埔鹽鄉第2選舉區,丁明輝,無,01
彰化縣埔鹽鄉第2選舉區,劉綉梅,無,01
彰化縣埔鹽鄉第2選舉區,黄素錦,中國國民黨,05
彰化縣埔鹽鄉第2選舉區,許文萍,無,05
彰化縣埔鹽鄉第3選舉區,黃振榮,無,02
彰化縣埔鹽鄉第3選舉區,黃錦滄,無,04
彰化縣埔鹽鄉第3選舉區,施春貴,無,05
彰化縣埔鹽鄉第3選舉區,施文晢,無,05
彰化縣埔鹽鄉第3選舉區,施宗詮,民主進步黨,05
彰化縣埔心鄉第1選舉區,謝新春,無,01
彰化縣埔心鄉第1選舉區,張永道,民主進步黨,02
彰化縣埔心鄉第1選舉區,謝翠屏,民主進步黨,02
彰化縣埔心鄉第1選舉區,徐堂錦,民主進步黨,02
彰化縣埔心鄉第1選舉區,謝旺利,無,02
彰化縣埔心鄉第1選舉區,徐維乾,無,03
彰化縣埔心鄉第1選舉區,張佩瑩,無,05
彰化縣埔心鄉第1選舉區,邱德芳,無,05
彰化縣埔心鄉第1選舉區,張榮閔,無,05
彰化縣埔心鄉第1選舉區,劉敏芳,無,05
彰化縣埔心鄉第1選舉區,賴政雄,無,05
彰化縣埔心鄉第2選舉區,黃雯臻,無,02
彰化縣埔心鄉第2選舉區,黃金善,民主進步黨,05
彰化縣埔心鄉第2選舉區,林淑華,無,05
彰化縣埔心鄉第3選舉區,黃金吉,民主進步黨,02
彰化縣埔心鄉第3選舉區,黃坤鼎,無,02
彰化縣埔心鄉第3選舉區,黃鴻儒,無,04
彰化縣埔心鄉第3選舉區,黃尚彬,無,05
彰化縣永靖鄉第1選舉區,顧文哲,無,01
彰化縣永靖鄉第1選舉區,邱世明,無,02
彰化縣永靖鄉第1選舉區,張金圍,無,02
彰化縣永靖鄉第1選舉區,楊敏聳,無,04
彰化縣永靖鄉第1選舉區,詹日新,無,05
彰化縣永靖鄉第2選舉區,陳丁進,無,01
彰化縣永靖鄉第2選舉區,陳清茵,無,01
彰化縣永靖鄉第2選舉區,余秉峰,中國國民黨,02
彰化縣永靖鄉第2選舉區,黃玉雪,無,03
彰化縣永靖鄉第2選舉區,魏碩衛,民主進步黨,03
彰化縣永靖鄉第2選舉區,謝惠樺,無,05
彰化縣永靖鄉第2選舉區,羅旺鑫,無,05
彰化縣永靖鄉第2選舉區,邱平舜,無,05
彰化縣永靖鄉第3選舉區,陳湘鎮,無,01
彰化縣永靖鄉第3選舉區,朱賴春花,無,02
彰化縣永靖鄉第3選舉區,林大福,無,05
彰化縣永靖鄉第3選舉區,李建興,民主進步黨,05
彰化縣永靖鄉第3選舉區,黃文甫,無,05
彰化縣社頭鄉第1選舉區,王怡捷,中國國民黨,01
彰化縣社頭鄉第1選舉區,蕭圳,無,01
彰化縣社頭鄉第1選舉區,謝宏志,無,02
彰化縣社頭鄉第1選舉區,劉榮宗,民主進步黨,02
彰化縣社頭鄉第1選舉區,蕭炳烈,無,02
彰化縣社頭鄉第1選舉區,楊惠娟,民主進步黨,02
彰化縣社頭鄉第1選舉區,張森波,無,02
彰化縣社頭鄉第1選舉區,莊詠晴,無,02
彰化縣社頭鄉第1選舉區,劉明進,無,05
彰化縣社頭鄉第1選舉區,張聰平,無,05
彰化縣社頭鄉第1選舉區,劉清尊,無,05
彰化縣社頭鄉第2選舉區,邱團財,無,01
彰化縣社頭鄉第2選舉區,陶傳淮,無,05
彰化縣社頭鄉第3選舉區,陳錫庸,無,02
彰化縣社頭鄉第3選舉區,陳慶福,無,05
彰化縣社頭鄉第4選舉區,翁嘉壕,無,01
彰化縣社頭鄉第4選舉區,劉金用,民主進步黨,02
彰化縣社頭鄉第4選舉區,劉世程,無,04
彰化縣二水鄉第1選舉區,藍世雄,無,02
彰化縣二水鄉第1選舉區,謝己清,無,04
彰化縣二水鄉第1選舉區,陳育樺,無,05
彰化縣二水鄉第1選舉區,董永塤,無,05
彰化縣二水鄉第2選舉區,羅森澤,無,02
彰化縣二水鄉第2選舉區,王進喜,無,03
彰化縣二水鄉第2選舉區,陳碧桃,中國國民黨,05
彰化縣二水鄉第2選舉區,黃長星,無,05
彰化縣二水鄉第2選舉區,蔡阿勇,無,05
彰化縣二水鄉第2選舉區,蘇界欽,無,05
彰化縣二水鄉第2選舉區,黃燕雪,無,05
彰化縣二水鄉第3選舉區,陳木傳,無,01
彰化縣二水鄉第3選舉區,陳志柔,無,02
彰化縣二水鄉第3選舉區,蔡瑞祥,無,02
彰化縣二水鄉第3選舉區,賴元恩,無,05
彰化縣二水鄉第3選舉區,陳世榮,無,05
彰化縣北斗鎮第1選舉區,王東魚,無,02
彰化縣北斗鎮第1選舉區,陳瑞鑣,無,02
彰化縣北斗鎮第1選舉區,陳樹,無,02
彰化縣北斗鎮第1選舉區,賴督志,無,03
彰化縣北斗鎮第2選舉區,劉震東,無,01
彰化縣北斗鎮第2選舉區,李香蘭,無,02
彰化縣北斗鎮第2選舉區,劉國卿,無,05
彰化縣北斗鎮第3選舉區,陳幼芝,中國國民黨,02
彰化縣北斗鎮第3選舉區,王俊超,無,02
彰化縣北斗鎮第3選舉區,張正在,無,02
彰化縣北斗鎮第3選舉區,張美芳,中國國民黨,02
彰化縣北斗鎮第3選舉區,易世朋,無,03
彰化縣北斗鎮第3選舉區,王錫瑩,無,05
彰化縣北斗鎮第4選舉區,陳大勝,無,02
彰化縣北斗鎮第4選舉區,陳國展,無,02
彰化縣北斗鎮第4選舉區,汪朝銘,無,05
彰化縣二林鎮第1選舉區,洪自然,中國國民黨,02
彰化縣二林鎮第1選舉區,洪明麗,無,05
彰化縣二林鎮第1選舉區,許杰霖,無,05
彰化縣二林鎮第1選舉區,許秀治,無,05
彰化縣二林鎮第1選舉區,陳啓輝,無,05
彰化縣二林鎮第2選舉區,蔡家豪,無,02
彰化縣二林鎮第2選舉區,洪崇舜,無,05
彰化縣二林鎮第2選舉區,洪武舜,無,05
彰化縣二林鎮第2選舉區,洪啓佑,無,05
彰化縣二林鎮第3選舉區,吳聰明,無,02
彰化縣二林鎮第3選舉區,陳秀育,無,04
彰化縣二林鎮第3選舉區,陳鴻勳,無,05
彰化縣二林鎮第3選舉區,蔡宗伯,無,05
彰化縣二林鎮第3選舉區,吳美麗,無,05
彰化縣二林鎮第4選舉區,傅子瑋,無,02
彰化縣二林鎮第4選舉區,謝日增,無,05
彰化縣二林鎮第4選舉區,陳界灯,無,05
彰化縣二林鎮第4選舉區,曾安允,無,05
彰化縣田尾鄉第1選舉區,許淑美,無,01
彰化縣田尾鄉第1選舉區,王進峰,中國國民黨,02
彰化縣田尾鄉第1選舉區,許世昌,民主進步黨,02
彰化縣田尾鄉第1選舉區,楊文綜,無,02
彰化縣田尾鄉第1選舉區,林守政,無,05
彰化縣田尾鄉第1選舉區,劉美蘭,中國國民黨,05
彰化縣田尾鄉第2選舉區,楊啟豊,無,02
彰化縣田尾鄉第2選舉區,顏清松,無,05
彰化縣田尾鄉第3選舉區,吳俊樑,無,02
彰化縣田尾鄉第3選舉區,邱家南,中國國民黨,02
彰化縣田尾鄉第4選舉區,黃榮校,中國國民黨,01
彰化縣田尾鄉第4選舉區,范俊昇,無,02
彰化縣田尾鄉第4選舉區,李玉惠,無,03
彰化縣田尾鄉第4選舉區,邱模,無,05
彰化縣田尾鄉第4選舉區,黃坤煌,無,05
彰化縣田尾鄉第4選舉區,陳孟杰,民主進步黨,05
彰化縣田尾鄉第4選舉區,陳振銘,無,05
彰化縣埤頭鄉第1選舉區,陳國雄,無,01
彰化縣埤頭鄉第1選舉區,許晋里,無,02
彰化縣埤頭鄉第1選舉區,吳慶安,無,05
彰化縣埤頭鄉第1選舉區,王志彥,無,05
彰化縣埤頭鄉第2選舉區,顏永吉,民主進步黨,01
彰化縣埤頭鄉第2選舉區,林文寶,無,02
彰化縣埤頭鄉第2選舉區,陳淑君,無,02
彰化縣埤頭鄉第2選舉區,杜懿彩,無,02
彰化縣埤頭鄉第2選舉區,陳俊清,民主進步黨,05
彰化縣埤頭鄉第2選舉區,吳三存,無,05
彰化縣埤頭鄉第2選舉區,許正峰,無,05
彰化縣埤頭鄉第2選舉區,陳小梅,無,05
彰化縣埤頭鄉第2選舉區,蘇逸凱,無,05
彰化縣埤頭鄉第3選舉區,鄭良錕,無,03
彰化縣埤頭鄉第3選舉區,黃永成,無,05
彰化縣埤頭鄉第4選舉區,鄭麗玉,民主進步黨,01
彰化縣埤頭鄉第4選舉區,張景舜,無,02
彰化縣芳苑鄉第1選舉區,許清安,中國國民黨,02
彰化縣芳苑鄉第1選舉區,洪江懷,無,02
彰化縣芳苑鄉第1選舉區,洪松林,無,03
彰化縣芳苑鄉第1選舉區,洪鴻民,無,03
彰化縣芳苑鄉第2選舉區,謝武建,無,02
彰化縣芳苑鄉第2選舉區,謝健郎,中國國民黨,02
彰化縣芳苑鄉第2選舉區,謝武君,無,03
彰化縣芳苑鄉第3選舉區,黃順情,無,02
彰化縣芳苑鄉第3選舉區,陳國,無,02
彰化縣芳苑鄉第3選舉區,林清在,無,02
彰化縣芳苑鄉第3選舉區,林清啟,無,03
彰化縣芳苑鄉第3選舉區,林冬戶,無,04
彰化縣芳苑鄉第4選舉區,陳建達,無,02
彰化縣芳苑鄉第4選舉區,黃靖雅,無,02
彰化縣芳苑鄉第4選舉區,陳禮模,中國國民黨,02
彰化縣芳苑鄉第4選舉區,洪文興,無,05
彰化縣芳苑鄉第4選舉區,陳美惠,無,05
彰化縣大城鄉第1選舉區,劉清龍,無,02
彰化縣大城鄉第1選舉區,王太郎,無,03
彰化縣大城鄉第1選舉區,陳月嬌,無,05
彰化縣大城鄉第1選舉區,林明宗,無,05
彰化縣大城鄉第2選舉區,謝尚俊,民主進步黨,01
彰化縣大城鄉第2選舉區,康進榮,無,02
彰化縣大城鄉第2選舉區,許月鈴,中國國民黨,04
彰化縣大城鄉第2選舉區,許瑞芳,無,05
彰化縣大城鄉第2選舉區,游玉美,無,05
彰化縣大城鄉第3選舉區,許全守,無,01
彰化縣大城鄉第3選舉區,林麗娟,無,01
彰化縣大城鄉第3選舉區,顏財託,無,02
彰化縣大城鄉第3選舉區,林鶴連,無,05
彰化縣大城鄉第4選舉區,王宏銘,無,02
彰化縣大城鄉第4選舉區,陳文東,中國國民黨,02
彰化縣大城鄉第4選舉區,蔡進來,無,02
彰化縣大城鄉第4選舉區,許發,無,04
彰化縣大城鄉第4選舉區,陳何男,無,05
彰化縣大城鄉第4選舉區,洪順天,無,05
彰化縣竹塘鄉第1選舉區,曾煥華,無,02
彰化縣竹塘鄉第1選舉區,莊福郎,無,02
彰化縣竹塘鄉第1選舉區,紀宗成,中國國民黨,02
彰化縣竹塘鄉第1選舉區,林浚熙,無,02
彰化縣竹塘鄉第2選舉區,林夏,無,02
彰化縣竹塘鄉第2選舉區,林全,無,02
彰化縣竹塘鄉第2選舉區,莊志文,無,05
彰化縣竹塘鄉第3選舉區,詹佩珠,無,01
彰化縣竹塘鄉第3選舉區,蔡俊傑,無,02
彰化縣竹塘鄉第3選舉區,林淑女,無,02
彰化縣竹塘鄉第3選舉區,潘勇夫,無,03
彰化縣竹塘鄉第3選舉區,蔡進欽,無,05
彰化縣竹塘鄉第3選舉區,詹益審,無,05
彰化縣竹塘鄉第4選舉區,廖和平,無,01
彰化縣竹塘鄉第4選舉區,詹德富,無,01
彰化縣竹塘鄉第4選舉區,蔡碩任,無,02
彰化縣竹塘鄉第4選舉區,張瑞雄,無,02
彰化縣竹塘鄉第4選舉區,葉劍輝,無,02
彰化縣溪州鄉第1選舉區,曾大舜,無,02
彰化縣溪州鄉第1選舉區,陳冠廷,無,02
彰化縣溪州鄉第1選舉區,林賢民,無,02
彰化縣溪州鄉第1選舉區,詹聰助,民主進步黨,03
彰化縣溪州鄉第1選舉區,詹進順,無,05
彰化縣溪州鄉第1選舉區,陳明峰,無,05
彰化縣溪州鄉第2選舉區,周東喜,無,02
彰化縣溪州鄉第2選舉區,劉福助,無,02
彰化縣溪州鄉第2選舉區,洪承琦,民主進步黨,04
彰化縣溪州鄉第3選舉區,廖香淳,民主進步黨,01
彰化縣溪州鄉第3選舉區,羅進興,無,01
彰化縣溪州鄉第3選舉區,楊月美,無,02
彰化縣溪州鄉第3選舉區,廖文雄,無,02
彰化縣溪州鄉第3選舉區,莊正雄,無,02
彰化縣溪州鄉第3選舉區,莊正雄,無,02
彰化縣溪州鄉第3選舉區,洪進成,無,02
彰化縣溪州鄉第3選舉區,鄭創友,無,02
彰化縣溪州鄉第4選舉區,鐘振榮,無,01
彰化縣溪州鄉第4選舉區,劉錫勲,民主進步黨,02
彰化縣溪州鄉第4選舉區,廖學進,無,02
彰化縣溪州鄉第4選舉區,鐘仁佑,無,02
彰化縣溪州鄉第4選舉區,王義同,無,02
南投縣南投市第1選舉區,莊美霞,中國國民黨,01
南投縣南投市第1選舉區,張秀枝,無,02
南投縣南投市第1選舉區,歐陽燦岳,中國國民黨,02
南投縣南投市第1選舉區,洪世耀,中國國民黨,02
南投縣南投市第1選舉區,張惠卿,無,02
南投縣南投市第1選舉區,吳煌濱,中國國民黨,05
南投縣南投市第2選舉區,許清德,中國國民黨,02
南投縣南投市第2選舉區,陳志斌,中國國民黨,02
南投縣南投市第2選舉區,蔡玉英,中國國民黨,02
南投縣南投市第2選舉區,廖學輝,無,02
南投縣南投市第2選舉區,廖學銳,無,02
南投縣南投市第2選舉區,陳家雄,無,02
南投縣南投市第2選舉區,曾玉彬,中國國民黨,05
南投縣南投市第2選舉區,林威崴,無,05
南投縣南投市第2選舉區,王明洲,無,05
南投縣南投市第2選舉區,張秦瑞,無,05
南投縣南投市第3選舉區,石杏國,無,01
南投縣南投市第3選舉區,葉薏雯,無,02
南投縣南投市第3選舉區,廖怡琇,無,02
南投縣南投市第3選舉區,王金泉,民主進步黨,02
南投縣南投市第3選舉區,王勝華,中國國民黨,05
南投縣南投市第3選舉區,魏仕凱,無,05
南投縣南投市第4選舉區,張永松,無,04
南投縣南投市第4選舉區,陳銘政,無,04
南投縣埔里鎮第1選舉區,張晉維,中國國民黨,01
南投縣埔里鎮第1選舉區,吳勝輝,無,01
南投縣埔里鎮第1選舉區,蔡淑芬,無,01
南投縣埔里鎮第1選舉區,陳諭韋,無,02
南投縣埔里鎮第1選舉區,洪惠梅,無,02
南投縣埔里鎮第1選舉區,黃央政,無,02
南投縣埔里鎮第1選舉區,曾鈴錫,無,02
南投縣埔里鎮第1選舉區,葉仁創,民主進步黨,02
南投縣埔里鎮第1選舉區,潘萬福,中國國民黨,03
南投縣埔里鎮第2選舉區,何惠娟,無,02
南投縣埔里鎮第2選舉區,陳章祺,無,02
南投縣埔里鎮第2選舉區,吳淇淞,無,02
南投縣埔里鎮第2選舉區,周曼娟,無,05
南投縣埔里鎮第2選舉區,曾美莉,無,05
南投縣埔里鎮第2選舉區,黃敏聰,無,05
南投縣埔里鎮第2選舉區,黃世芳,中國國民黨,05
南投縣埔里鎮第3選舉區,彭志杰,中國國民黨,01
南投縣埔里鎮第3選舉區,羅世源,無,01
南投縣埔里鎮第3選舉區,黃正男,民主進步黨,03
南投縣埔里鎮第3選舉區,曾秀月,中國國民黨,05
南投縣埔里鎮第3選舉區,林楠芳,無,05
南投縣埔里鎮第4選舉區,林釧儀,無,01
南投縣埔里鎮第4選舉區,詹文平,無,02
南投縣埔里鎮第4選舉區,蔡文仲,無,03
南投縣埔里鎮第4選舉區,潘英輝,中國國民黨,05
南投縣草屯鎮第1選舉區,陳晴美,無,02
南投縣草屯鎮第1選舉區,許龍珠,無,02
南投縣草屯鎮第1選舉區,洪錫興,無,02
南投縣草屯鎮第1選舉區,洪瑞林,無,02
南投縣草屯鎮第1選舉區,李鎗富,無,03
南投縣草屯鎮第1選舉區,林永安,無,05
南投縣草屯鎮第2選舉區,蔡錦城,無,01
南投縣草屯鎮第2選舉區,莊士傑,無,01
南投縣草屯鎮第2選舉區,莊惠惠,無,02
南投縣草屯鎮第2選舉區,林金潭,無,03
南投縣草屯鎮第2選舉區,簡錫彬,無,05
南投縣草屯鎮第2選舉區,沈玉貞,中國國民黨,05
南投縣草屯鎮第2選舉區,陳家財,無,05
南投縣草屯鎮第3選舉區,葉景陽,中國國民黨,02
南投縣草屯鎮第3選舉區,許素巡,無,02
南投縣草屯鎮第3選舉區,蔡銘軒,無,02
南投縣草屯鎮第3選舉區,洪登宜,無,03
南投縣草屯鎮第3選舉區,李明鴻,無,03
南投縣草屯鎮第3選舉區,江鈴莉,無,04
南投縣草屯鎮第3選舉區,曾國演,無,05
南投縣草屯鎮第4選舉區,施麗桂,無,02
南投縣草屯鎮第4選舉區,林俞廷,無,02
南投縣草屯鎮第4選舉區,洪坤助,無,02
南投縣草屯鎮第4選舉區,簡裴瑜,無,05
南投縣草屯鎮第4選舉區,簡萬梓,無,05
南投縣草屯鎮第4選舉區,林淑娟,無,05
南投縣草屯鎮第4選舉區,李耀輝,無,05
南投縣竹山鎮第1選舉區,張秋淋,無,01
南投縣竹山鎮第1選舉區,羅炘津,無,02
南投縣竹山鎮第1選舉區,黃義人,無,02
南投縣竹山鎮第1選舉區,林賜學,無,02
南投縣竹山鎮第1選舉區,林世明,無,02
南投縣竹山鎮第1選舉區,林鴻祺,無,02
南投縣竹山鎮第1選舉區,楊美紅,中國國民黨,02
南投縣竹山鎮第1選舉區,蔡易呈,無,03
南投縣竹山鎮第1選舉區,陳玉鈴,無,05
南投縣竹山鎮第2選舉區,吳顯啓,無,01
南投縣竹山鎮第2選舉區,楊長浩,無,02
南投縣竹山鎮第2選舉區,張彩珠,無,02
南投縣竹山鎮第2選舉區,陳瑞麟,無,02
南投縣竹山鎮第2選舉區,劉滿足,無,02
南投縣竹山鎮第2選舉區,林朱山,無,02
南投縣竹山鎮第2選舉區,張全湧,無,02
南投縣竹山鎮第2選舉區,林惠蘭,無,03
南投縣竹山鎮第2選舉區,賴進益,無,05
南投縣竹山鎮第3選舉區,陳錫錋,無,02
南投縣竹山鎮第3選舉區,林宗立,無,02
南投縣集集鎮第1選舉區,吳榮志,無,02
南投縣集集鎮第1選舉區,陳南榕,中國國民黨,02
南投縣集集鎮第1選舉區,沈鳳山,無,02
南投縣集集鎮第1選舉區,向偉志,無,02
南投縣集集鎮第1選舉區,簡國生,無,02
南投縣集集鎮第2選舉區,鄧碧惠,無,01
南投縣集集鎮第2選舉區,陳坤隆,無,02
南投縣集集鎮第2選舉區,吳政義,無,04
南投縣集集鎮第2選舉區,李滄洲,無,05
南投縣集集鎮第3選舉區,陳榮森,無,02
南投縣集集鎮第3選舉區,楊文琮,無,02
南投縣集集鎮第3選舉區,魏國州,無,02
南投縣集集鎮第4選舉區,謝承宗,無,01
南投縣集集鎮第4選舉區,廖光華,無,02
南投縣集集鎮第4選舉區,吳大村,無,02
南投縣集集鎮第4選舉區,陳玉花,無,02
南投縣集集鎮第4選舉區,蔡至哲,無,02
南投縣名間鄉第1選舉區,陳益震,無,02
南投縣名間鄉第1選舉區,陳秀梅,民主進步黨,02
南投縣名間鄉第1選舉區,楊玉秀,無,02
南投縣名間鄉第1選舉區,陳萬紅,無,02
南投縣名間鄉第1選舉區,黃秋桃,無,02
南投縣名間鄉第1選舉區,陳宏明,無,02
南投縣名間鄉第1選舉區,吳麗萍,無,02
南投縣名間鄉第1選舉區,王燕珠,無,02
南投縣名間鄉第1選舉區,曾鎮隆,無,03
南投縣名間鄉第1選舉區,吳金樹,無,04
南投縣名間鄉第1選舉區,黃淵明,無,05
南投縣名間鄉第2選舉區,陳紹雄,無,02
南投縣名間鄉第2選舉區,陳永生,無,02
南投縣名間鄉第2選舉區,陳國能,無,05
南投縣名間鄉第3選舉區,陳廣政,無,02
南投縣名間鄉第4選舉區,陳永順,無,01
南投縣名間鄉第4選舉區,易南聰,無,02
南投縣名間鄉第4選舉區,連榮桂,無,02
南投縣鹿谷鄉第1選舉區,邱如平,無,02
南投縣鹿谷鄉第1選舉區,陳仁坤,無,02
南投縣鹿谷鄉第1選舉區,潘士蘭,無,02
南投縣鹿谷鄉第1選舉區,黃彩霞,無,02
南投縣鹿谷鄉第1選舉區,黃炳育,無,02
南投縣鹿谷鄉第1選舉區,張裕源,無,02
南投縣鹿谷鄉第1選舉區,黃儀,無,02
南投縣鹿谷鄉第1選舉區,蔡翠容,無,02
南投縣鹿谷鄉第1選舉區,林能德,中國國民黨,02
南投縣鹿谷鄉第1選舉區,黃子煬,無,05
南投縣鹿谷鄉第2選舉區,蘇聰明,無,02
南投縣鹿谷鄉第2選舉區,葉瑞鐘,無,02
南投縣鹿谷鄉第2選舉區,林智鴻,無,02
南投縣鹿谷鄉第3選舉區,林江鴻,無,02
南投縣鹿谷鄉第3選舉區,陳君宜,無,02
南投縣鹿谷鄉第3選舉區,李光曜,無,02
南投縣中寮鄉第1選舉區,洪明享,中國國民黨,01
南投縣中寮鄉第1選舉區,張銘化,無,01
南投縣中寮鄉第1選舉區,蕭同宏,無,02
南投縣中寮鄉第1選舉區,林木燦,無,03
南投縣中寮鄉第1選舉區,邱寶林,無,05
南投縣中寮鄉第1選舉區,吳佩慈,中國國民黨,05
南投縣中寮鄉第2選舉區,張裕發,無,01
南投縣中寮鄉第2選舉區,周俊霖,無,02
南投縣中寮鄉第2選舉區,張疋,無,02
南投縣中寮鄉第2選舉區,游如村,中國國民黨,02
南投縣中寮鄉第2選舉區,魏秀桃,中國國民黨,02
南投縣中寮鄉第2選舉區,陳美汝,民主進步黨,02
南投縣中寮鄉第2選舉區,張明樹,無,05
南投縣中寮鄉第3選舉區,廖學聰,無,01
南投縣中寮鄉第3選舉區,蘇如輝,無,01
南投縣中寮鄉第3選舉區,詹三宜,無,02
南投縣中寮鄉第3選舉區,林玉成,無,03
南投縣中寮鄉第4選舉區,廖朝課,無,01
南投縣中寮鄉第4選舉區,吳三泉,中國國民黨,02
南投縣中寮鄉第4選舉區,詹其清,無,03
南投縣魚池鄉第1選舉區,張德林,無,01
南投縣魚池鄉第1選舉區,王裕元,無,01
南投縣魚池鄉第1選舉區,許昭衍,無,02
南投縣魚池鄉第1選舉區,李素紅,中國國民黨,02
南投縣魚池鄉第1選舉區,劉勝隆,無,02
南投縣魚池鄉第1選舉區,許慶華,無,05
南投縣魚池鄉第1選舉區,劉家妤,無,05
南投縣魚池鄉第2選舉區,巫盛華,無,01
南投縣魚池鄉第2選舉區,李和成,無,01
南投縣魚池鄉第2選舉區,梁政裕,無,02
南投縣魚池鄉第2選舉區,黃文雄,中國國民黨,05
南投縣魚池鄉第2選舉區,蘇水定,無,05
南投縣魚池鄉第2選舉區,黃長貴,無,05
南投縣魚池鄉第3選舉區,劉文欽,無,02
南投縣魚池鄉第3選舉區,謝淵程,中國國民黨,02
南投縣魚池鄉第3選舉區,劉𦰡行,無,02
南投縣國姓鄉第1選舉區,許宏賓,無,02
南投縣國姓鄉第1選舉區,吳振懿,無,03
南投縣國姓鄉第1選舉區,劉昌餘,無,03
南投縣國姓鄉第1選舉區,陳春綢,中國國民黨,05
南投縣國姓鄉第2選舉區,劉錦堂,中國國民黨,01
南投縣國姓鄉第2選舉區,邱秋榮,無,02
南投縣國姓鄉第2選舉區,劉昌坤,無,02
南投縣國姓鄉第2選舉區,李宜樺,無,05
南投縣國姓鄉第2選舉區,黃洋琴,無,05
南投縣國姓鄉第2選舉區,彭國珍,中國國民黨,05
南投縣國姓鄉第3選舉區,黃建勳,無,01
南投縣國姓鄉第3選舉區,羅智彬,中國國民黨,02
南投縣國姓鄉第3選舉區,王壽山,無,03
南投縣國姓鄉第3選舉區,蔡進貴,無,04
南投縣國姓鄉第4選舉區,李水富,無,01
南投縣國姓鄉第4選舉區,謝佛青,無,02
南投縣國姓鄉第4選舉區,羅極聘,無,02
南投縣國姓鄉第4選舉區,詹青山,無,04
南投縣國姓鄉第4選舉區,謝明忠,無,05
南投縣國姓鄉第4選舉區,林東漢,中國國民黨,05
南投縣國姓鄉第4選舉區,林雲生,中國國民黨,05
南投縣水里鄉第1選舉區,鄭秋田,無,02
南投縣水里鄉第1選舉區,潘麗菊,中國國民黨,02
南投縣水里鄉第1選舉區,黃碧芳,無,04
南投縣水里鄉第1選舉區,謝文博,無,05
南投縣水里鄉第1選舉區,盧富雄,無,05
南投縣水里鄉第1選舉區,葉銘豐,無,05
南投縣水里鄉第2選舉區,陳世明,無,02
南投縣水里鄉第2選舉區,林文雄,無,02
南投縣水里鄉第2選舉區,林良政,無,02
南投縣水里鄉第2選舉區,湯鳳娥,中國國民黨,02
南投縣水里鄉第2選舉區,林志郎,無,03
南投縣水里鄉第2選舉區,湯美蘭,無,05
南投縣水里鄉第2選舉區,甘晉誠,無,05
南投縣水里鄉第3選舉區,劉俊生,無,01
南投縣水里鄉第4選舉區,陳明卿,無,02
南投縣信義鄉第1選舉區,胡增祥,中國國民黨,02
南投縣信義鄉第1選舉區,林麗英,無,02
南投縣信義鄉第1選舉區,邱瑞榮,無,02
南投縣信義鄉第2選舉區,吳炎煌,中國國民黨,02
南投縣信義鄉第2選舉區,吳世民,中國國民黨,02
南投縣信義鄉第2選舉區,史添丁,無,03
南投縣信義鄉第2選舉區,田文發,中國國民黨,04
南投縣信義鄉第2選舉區,松健福,無,05
南投縣信義鄉第3選舉區,陳麗霞,中國國民黨,02
南投縣信義鄉第3選舉區,陳錦榮,無,02
南投縣信義鄉第3選舉區,李國源,無,02
南投縣信義鄉第4選舉區,金馬嵐,無,02
南投縣信義鄉第4選舉區,幸金龍,無,02
南投縣信義鄉第4選舉區,谷明耀,無,02
南投縣信義鄉第4選舉區,金泰吉,無,02
南投縣信義鄉第4選舉區,全文才,中國國民黨,03
南投縣仁愛鄉第1選舉區,張蔭壽,無,01
南投縣仁愛鄉第1選舉區,蕭傳吉,中國國民黨,02
南投縣仁愛鄉第1選舉區,林秋菊,中國國民黨,02
南投縣仁愛鄉第1選舉區,林婷立,中國國民黨,02
南投縣仁愛鄉第1選舉區,王嘉勳,無,03
南投縣仁愛鄉第1選舉區,謝志秀,無,05
南投縣仁愛鄉第2選舉區,賴力行,中國國民黨,01
南投縣仁愛鄉第2選舉區,潘佩琪,中國國民黨,02
南投縣仁愛鄉第2選舉區,陳秀惠,中國國民黨,02
南投縣仁愛鄉第2選舉區,林玉森,中國國民黨,02
南投縣仁愛鄉第2選舉區,莊振文,中國國民黨,02
南投縣仁愛鄉第2選舉區,江志偉,中國國民黨,02
南投縣仁愛鄉第2選舉區,張文德,無,03
南投縣仁愛鄉第2選舉區,巫人龍,中國國民黨,04
南投縣仁愛鄉第2選舉區,楊秋雲,無,05
南投縣仁愛鄉第3選舉區,高俊明,中國國民黨,02
南投縣仁愛鄉第3選舉區,洪文全,中國國民黨,02
南投縣仁愛鄉第3選舉區,石志雄,中國國民黨,02
南投縣仁愛鄉第3選舉區,吳文忠,中國國民黨,03
南投縣仁愛鄉第3選舉區,余聰明,中國國民黨,05
南投縣仁愛鄉第3選舉區,瑪賴‧拔另靖楠,無,05
南投縣仁愛鄉第4選舉區,劉金皇,中國國民黨,02
南投縣仁愛鄉第4選舉區,謝光明,中國國民黨,02
南投縣仁愛鄉第4選舉區,錢宥均,親民黨,05
雲林縣斗六市第1選舉區,江宗保,民主進步黨,01
雲林縣斗六市第1選舉區,孫美鈴,中國國民黨,02
雲林縣斗六市第1選舉區,江原慕,無,02
雲林縣斗六市第1選舉區,蔡孟岳,無,05
雲林縣斗六市第1選舉區,范植增,無,05
雲林縣斗六市第1選舉區,沈景勝,民主進步黨,05
雲林縣斗六市第1選舉區,林秋成,中國國民黨,05
雲林縣斗六市第2選舉區,李政達,民主進步黨,02
雲林縣斗六市第2選舉區,顏碧祺,民主進步黨,02
雲林縣斗六市第2選舉區,林進國,中國國民黨,02
雲林縣斗六市第2選舉區,沈珍治,無,02
雲林縣斗六市第2選舉區,劉明村,無,05
雲林縣斗六市第2選舉區,黃尤美,中國國民黨,05
雲林縣斗六市第2選舉區,林櫻潔,無,05
雲林縣斗六市第3選舉區,胡克勤,無,01
雲林縣斗六市第3選舉區,田瑞枝,無,02
雲林縣斗六市第3選舉區,張國揚,無,02
雲林縣斗六市第3選舉區,曾博鴻,民主進步黨,02
雲林縣斗六市第3選舉區,賴瑪玲,中國國民黨,05
雲林縣斗六市第3選舉區,陳明章,中國國民黨,05
雲林縣斗六市第4選舉區,張宏銘,民主進步黨,02
雲林縣斗六市第4選舉區,張智賓,無,02
雲林縣斗六市第4選舉區,曾春火,無,02
雲林縣斗六市第4選舉區,張明政,無,05
雲林縣斗六市第4選舉區,林志超,無,05
雲林縣斗南鎮第1選舉區,沈俊宗,無,01
雲林縣斗南鎮第1選舉區,許良富,無,02
雲林縣斗南鎮第1選舉區,顏忠義,中國國民黨,02
雲林縣斗南鎮第1選舉區,陳毅弘,民主進步黨,02
雲林縣斗南鎮第1選舉區,林永來,無,02
雲林縣斗南鎮第2選舉區,𦰡永福,無,02
雲林縣斗南鎮第2選舉區,薛維甲,無,02
雲林縣斗南鎮第2選舉區,黃鈵振,無,05
雲林縣斗南鎮第3選舉區,詹昭泫,無,01
雲林縣斗南鎮第3選舉區,陳青龍,中國國民黨,02
雲林縣斗南鎮第3選舉區,鄭秀尉,無,02
雲林縣斗南鎮第3選舉區,沈暉勛,無,02
雲林縣斗南鎮第3選舉區,葉芳宜,無,02
雲林縣斗南鎮第3選舉區,陳大華,無,03
雲林縣斗南鎮第3選舉區,賴啓淵,無,03
雲林縣斗南鎮第3選舉區,劉美蘭,民主進步黨,03
雲林縣斗南鎮第4選舉區,林壽昌,無,02
雲林縣斗南鎮第4選舉區,陳耀林,無,02
雲林縣斗南鎮第4選舉區,李耀仲,無,05
雲林縣斗南鎮第4選舉區,沈為祺,無,05
雲林縣虎尾鎮第1選舉區,丁學忠,無,02
雲林縣虎尾鎮第1選舉區,郭武男,中國國民黨,02
雲林縣虎尾鎮第1選舉區,戴清吉,無,02
雲林縣虎尾鎮第1選舉區,王靜怡,無,02
雲林縣虎尾鎮第1選舉區,邱圍海,中國國民黨,02
雲林縣虎尾鎮第1選舉區,王淑卿,無,02
雲林縣虎尾鎮第1選舉區,林武正,民主進步黨,02
雲林縣虎尾鎮第1選舉區,李素娥,無,02
雲林縣虎尾鎮第1選舉區,王彥量,民主進步黨,02
雲林縣虎尾鎮第1選舉區,陳克盛,無,05
雲林縣虎尾鎮第1選舉區,廖玉衡,無,05
雲林縣虎尾鎮第2選舉區,王清煌,無,01
雲林縣虎尾鎮第2選舉區,鍾秀雯,無,02
雲林縣虎尾鎮第2選舉區,陳明聖,無,04
雲林縣虎尾鎮第2選舉區,陳瑞三,無,05
雲林縣虎尾鎮第2選舉區,林太山,無,05
雲林縣虎尾鎮第3選舉區,蘇坤福,無,01
雲林縣虎尾鎮第3選舉區,周世龍,無,02
雲林縣虎尾鎮第3選舉區,陳慶芳,無,02
雲林縣虎尾鎮第4選舉區,陳樹泉,無,02
雲林縣虎尾鎮第4選舉區,陳志麟,無,05
雲林縣西螺鎮第1選舉區,郭俊佑,無,01
雲林縣西螺鎮第1選舉區,陳雙全,無,02
雲林縣西螺鎮第1選舉區,游淑雲,無,02
雲林縣西螺鎮第1選舉區,廖洺濠,無,02
雲林縣西螺鎮第1選舉區,鍾任明,無,02
雲林縣西螺鎮第1選舉區,童子旻,無,03
雲林縣西螺鎮第1選舉區,許竹承,民主進步黨,05
雲林縣西螺鎮第1選舉區,程雲揚,民主進步黨,05
雲林縣西螺鎮第2選舉區,鍾學松,無,02
雲林縣西螺鎮第2選舉區,林俊甫,民主進步黨,02
雲林縣西螺鎮第2選舉區,鄭東岳,無,05
雲林縣西螺鎮第3選舉區,廖信言,無,02
雲林縣西螺鎮第3選舉區,林益進,無,05
雲林縣西螺鎮第4選舉區,程德崎,無,02
雲林縣西螺鎮第4選舉區,程進森,無,02
雲林縣土庫鎮第1選舉區,趙美惠,無,02
雲林縣土庫鎮第1選舉區,謝夙秋,無,02
雲林縣土庫鎮第1選舉區,陳皇民,無,03
雲林縣土庫鎮第1選舉區,林麗珍,無,05
雲林縣土庫鎮第1選舉區,陳威德,民主進步黨,05
雲林縣土庫鎮第1選舉區,王錦文,民主進步黨,05
雲林縣土庫鎮第2選舉區,李素香,無,02
雲林縣土庫鎮第2選舉區,許群英,無,02
雲林縣土庫鎮第2選舉區,蕭金池,無,05
雲林縣土庫鎮第3選舉區,吳讚樓,無,01
雲林縣土庫鎮第3選舉區,王詩文,無,01
雲林縣土庫鎮第4選舉區,林顯聰,無,01
雲林縣土庫鎮第4選舉區,王美蘭,無,02
雲林縣土庫鎮第4選舉區,侯贈寶,無,02
雲林縣土庫鎮第4選舉區,連宇伸,民主進步黨,02
雲林縣土庫鎮第4選舉區,張文良,無,05
雲林縣土庫鎮第4選舉區,張坤榮,無,05
雲林縣北港鎮第1選舉區,顏志晄,無,01
雲林縣北港鎮第1選舉區,許珍娜,無,01
雲林縣北港鎮第1選舉區,陳卉旻,無,02
雲林縣北港鎮第1選舉區,陳介民,無,02
雲林縣北港鎮第1選舉區,蕭廷州,無,02
雲林縣北港鎮第1選舉區,蔡咏鍀,無,04
雲林縣北港鎮第1選舉區,蔡明君,無,05
雲林縣北港鎮第2選舉區,陳意如,無,01
雲林縣北港鎮第2選舉區,徐秀梅,無,02
雲林縣北港鎮第2選舉區,陳炳炎,中華統一促進黨,02
雲林縣北港鎮第2選舉區,蔡錦棟,無,05
雲林縣北港鎮第2選舉區,詹宜錫,無,05
雲林縣北港鎮第2選舉區,王國安,民主進步黨,05
雲林縣北港鎮第3選舉區,黃義凱,無,01
雲林縣北港鎮第3選舉區,蕭順心,民主進步黨,02
雲林縣北港鎮第3選舉區,朱玉梅,無,05
雲林縣北港鎮第3選舉區,許玉明,無,05
雲林縣古坑鄉第1選舉區,王溪松,無,01
雲林縣古坑鄉第1選舉區,賴聰明,無,02
雲林縣古坑鄉第1選舉區,邱子晴,民主進步黨,02
雲林縣古坑鄉第1選舉區,賴嘉濱,無,02
雲林縣古坑鄉第1選舉區,高子瑋,無,02
雲林縣古坑鄉第2選舉區,葉和源,無,02
雲林縣古坑鄉第2選舉區,黃忠興,無,02
雲林縣古坑鄉第2選舉區,韓盛富,無,02
雲林縣古坑鄉第2選舉區,徐豊發,無,02
雲林縣古坑鄉第2選舉區,詹佩燁,無,05
雲林縣古坑鄉第2選舉區,黃朝裕,無,05
雲林縣古坑鄉第2選舉區,黃麗琴,無,05
雲林縣古坑鄉第3選舉區,陳文山,民主進步黨,02
雲林縣古坑鄉第3選舉區,鄭和義,無,02
雲林縣古坑鄉第3選舉區,葉明桂,無,02
雲林縣古坑鄉第4選舉區,陳茂栯,無,02
雲林縣古坑鄉第4選舉區,張弘男,無,05
雲林縣大埤鄉第1選舉區,劉億昇,民主進步黨,02
雲林縣大埤鄉第1選舉區,張啓學,無,03
雲林縣大埤鄉第1選舉區,陳秋慶,中國國民黨,05
雲林縣大埤鄉第2選舉區,陳源紀,無,02
雲林縣大埤鄉第2選舉區,林碧珍,無,02
雲林縣大埤鄉第2選舉區,陳大松,無,02
雲林縣大埤鄉第2選舉區,吳茂崧,無,02
雲林縣大埤鄉第2選舉區,郭明智,無,05
雲林縣大埤鄉第2選舉區,嚴進達,無,05
雲林縣大埤鄉第2選舉區,許麗玲,無,05
雲林縣大埤鄉第3選舉區,許基德,無,02
雲林縣大埤鄉第3選舉區,林森寳,無,05
雲林縣大埤鄉第3選舉區,黃江河,無,05
雲林縣大埤鄉第3選舉區,劉守禮,無,05
雲林縣大埤鄉第4選舉區,陳上詩,無,02
雲林縣大埤鄉第4選舉區,王明輝,無,02
雲林縣大埤鄉第4選舉區,王添丁,無,05
雲林縣莿桐鄉第1選舉區,林振忠,無,02
雲林縣莿桐鄉第1選舉區,林味珍,無,02
雲林縣莿桐鄉第1選舉區,余國光,無,02
雲林縣莿桐鄉第1選舉區,廖海量,中國國民黨,05
雲林縣莿桐鄉第1選舉區,林清周,無,05
雲林縣莿桐鄉第1選舉區,陳麗秋,無,05
雲林縣莿桐鄉第2選舉區,洪富惠,民主進步黨,01
雲林縣莿桐鄉第2選舉區,劉文溪,無,02
雲林縣莿桐鄉第2選舉區,林錫庚,無,02
雲林縣莿桐鄉第2選舉區,黃俶筠,無,02
雲林縣莿桐鄉第2選舉區,温御銘,無,02
雲林縣莿桐鄉第2選舉區,翁碧珠,無,05
雲林縣莿桐鄉第2選舉區,余三池,無,05
雲林縣莿桐鄉第3選舉區,張金龍,無,01
雲林縣莿桐鄉第3選舉區,林忠雄,民主進步黨,01
雲林縣莿桐鄉第3選舉區,邱雲義,無,05
雲林縣莿桐鄉第3選舉區,黃淑蘭,無,05
雲林縣林內鄉第1選舉區,許林玉琴,無,02
雲林縣林內鄉第1選舉區,陳漢世,無,02
雲林縣林內鄉第1選舉區,詹天銘,無,02
雲林縣林內鄉第1選舉區,鄭惟仁,民主進步黨,02
雲林縣林內鄉第1選舉區,李松謄,無,04
雲林縣林內鄉第1選舉區,蔡學坤,民主進步黨,05
雲林縣林內鄉第2選舉區,林樑樹,無,01
雲林縣林內鄉第2選舉區,莊良興,民主進步黨,02
雲林縣林內鄉第2選舉區,王慶坤,無,05
雲林縣林內鄉第3選舉區,莊素棉,無,02
雲林縣林內鄉第3選舉區,蔡宏昌,無,02
雲林縣林內鄉第3選舉區,張昭榮,無,02
雲林縣林內鄉第3選舉區,劉姿言,無,02
雲林縣林內鄉第3選舉區,蔡有章,無,02
雲林縣林內鄉第3選舉區,曾敬晃,無,05
雲林縣林內鄉第4選舉區,黃清得,無,02
雲林縣林內鄉第4選舉區,蔡素珍,無,02
雲林縣林內鄉第4選舉區,蘇信德,無,02
雲林縣林內鄉第4選舉區,王正城,無,02
雲林縣林內鄉第4選舉區,蔡當茂,無,05
雲林縣二崙鄉第1選舉區,廖學龍,無,02
雲林縣二崙鄉第1選舉區,王信傑,無,03
雲林縣二崙鄉第1選舉區,廖清璋,無,05
雲林縣二崙鄉第2選舉區,廖慶杰,無,02
雲林縣二崙鄉第2選舉區,廖錦懋,無,05
雲林縣二崙鄉第3選舉區,楊創民,無,01
雲林縣二崙鄉第3選舉區,楊世彬,無,02
雲林縣二崙鄉第3選舉區,鍾營,無,02
雲林縣二崙鄉第3選舉區,李日栓,無,02
雲林縣二崙鄉第4選舉區,李應冬,無,01
雲林縣二崙鄉第4選舉區,高志成,無,02
雲林縣二崙鄉第4選舉區,廖大方,無,02
雲林縣二崙鄉第5選舉區,鍾東榮,無,01
雲林縣二崙鄉第5選舉區,洪美雲,民主進步黨,01
雲林縣崙背鄉第1選舉區,李居安,無,01
雲林縣崙背鄉第1選舉區,程炳能,無,02
雲林縣崙背鄉第1選舉區,李明恭,無,02
雲林縣崙背鄉第1選舉區,顏大裕,無,05
雲林縣崙背鄉第2選舉區,李日存,無,01
雲林縣崙背鄉第2選舉區,李應三,無,02
雲林縣崙背鄉第2選舉區,張珈瑛,無,02
雲林縣崙背鄉第2選舉區,廖健廷,無,02
雲林縣崙背鄉第2選舉區,洪如萍,無,04
雲林縣崙背鄉第2選舉區,廖清和,無,05
雲林縣崙背鄉第3選舉區,蔡誌山,無,02
雲林縣崙背鄉第3選舉區,戴鵬峻,無,05
雲林縣崙背鄉第3選舉區,廖培廷,無,05
雲林縣崙背鄉第3選舉區,梁献東,無,05
雲林縣崙背鄉第4選舉區,林金玲,中國國民黨,02
雲林縣崙背鄉第4選舉區,林煌,無,02
雲林縣崙背鄉第4選舉區,蔡日生,無,05
雲林縣崙背鄉第4選舉區,李恒彰,無,05
雲林縣麥寮鄉第1選舉區,蔡長昆,無,02
雲林縣麥寮鄉第1選舉區,許正安,無,02
雲林縣麥寮鄉第1選舉區,韓青山,無,02
雲林縣麥寮鄉第1選舉區,吳松錫,無,02
雲林縣麥寮鄉第1選舉區,王佳鈴,無,04
雲林縣麥寮鄉第1選舉區,陳鳳娥,無,05
雲林縣麥寮鄉第1選舉區,許蔡嘉惠,無,05
雲林縣麥寮鄉第1選舉區,林非龍,無,05
雲林縣麥寮鄉第2選舉區,許高源,無,02
雲林縣麥寮鄉第2選舉區,許義勇,無,02
雲林縣麥寮鄉第2選舉區,林森敏,無,02
雲林縣麥寮鄉第2選舉區,許志成,無,05
雲林縣麥寮鄉第3選舉區,許良欽,無,01
雲林縣麥寮鄉第3選舉區,范慶田,無,05
雲林縣麥寮鄉第3選舉區,許漢郎,無,05
雲林縣麥寮鄉第3選舉區,許振家,無,05
雲林縣麥寮鄉第3選舉區,許吉來,無,05
雲林縣麥寮鄉第4選舉區,雷忠儀,無,02
雲林縣麥寮鄉第4選舉區,許留賓,無,02
雲林縣麥寮鄉第4選舉區,許建新,無,02
雲林縣東勢鄉第1選舉區,張中庸,無,01
雲林縣東勢鄉第1選舉區,留振昌,無,02
雲林縣東勢鄉第1選舉區,林連水,無,02
雲林縣東勢鄉第1選舉區,黃文智,無,02
雲林縣東勢鄉第1選舉區,張建興,無,05
雲林縣東勢鄉第2選舉區,黃國興,無,02
雲林縣東勢鄉第2選舉區,黃合和,無,02
雲林縣東勢鄉第2選舉區,林陳秀燕,無,02
雲林縣東勢鄉第2選舉區,林惠如,無,02
雲林縣東勢鄉第2選舉區,黃郁仁,無,03
雲林縣東勢鄉第3選舉區,陳志,無,01
雲林縣東勢鄉第3選舉區,周連告,無,02
雲林縣東勢鄉第3選舉區,張揚科,民主進步黨,05
雲林縣東勢鄉第3選舉區,張有文,無,05
雲林縣東勢鄉第3選舉區,陳昭源,無,05
雲林縣東勢鄉第4選舉區,吳金福,無,01
雲林縣東勢鄉第4選舉區,許育銘,無,02
雲林縣東勢鄉第4選舉區,許金旺,無,05
雲林縣東勢鄉第4選舉區,吳東明,無,05
雲林縣褒忠鄉第1選舉區,蘇淑珠,無,01
雲林縣褒忠鄉第1選舉區,王文卿,無,02
雲林縣褒忠鄉第1選舉區,蕭雪玲,無,05
雲林縣褒忠鄉第1選舉區,張敏雄,無,05
雲林縣褒忠鄉第2選舉區,李鳳嬌,無,01
雲林縣褒忠鄉第2選舉區,陳允,無,01
雲林縣褒忠鄉第2選舉區,許家源,無,04
雲林縣褒忠鄉第2選舉區,張峻瑝,無,05
雲林縣褒忠鄉第2選舉區,許蕙美,無,05
雲林縣褒忠鄉第2選舉區,吳登貴,無,05
雲林縣褒忠鄉第2選舉區,陳玉芳,無,05
雲林縣褒忠鄉第3選舉區,林一民,無,01
雲林縣褒忠鄉第3選舉區,章家銘,無,03
雲林縣褒忠鄉第3選舉區,陳昌昕,無,05
雲林縣褒忠鄉第4選舉區,黃金水,無,02
雲林縣褒忠鄉第4選舉區,陳良俊,無,05
雲林縣臺西鄉第1選舉區,丁上立,無,02
雲林縣臺西鄉第1選舉區,丁清樂,無,02
雲林縣臺西鄉第1選舉區,林芬瑩,無,05
雲林縣臺西鄉第1選舉區,林常騰,無,05
雲林縣臺西鄉第2選舉區,吳文慶,無,02
雲林縣臺西鄉第2選舉區,吳政展,無,02
雲林縣臺西鄉第2選舉區,林金來,無,05
雲林縣臺西鄉第3選舉區,林天祥,無,02
雲林縣臺西鄉第3選舉區,林水生,無,03
雲林縣臺西鄉第3選舉區,吳俊德,無,05
雲林縣臺西鄉第4選舉區,丁秋,無,02
雲林縣臺西鄉第4選舉區,陳文求,無,02
雲林縣臺西鄉第4選舉區,許海吉,無,05
雲林縣臺西鄉第4選舉區,林勝山,無,05
雲林縣元長鄉第1選舉區,李咱,無,01
雲林縣元長鄉第1選舉區,李寳堂,無,01
雲林縣元長鄉第1選舉區,李德樹,民主進步黨,01
雲林縣元長鄉第1選舉區,陳千,無,02
雲林縣元長鄉第1選舉區,李榮章,無,02
雲林縣元長鄉第1選舉區,林采淯,無,05
雲林縣元長鄉第1選舉區,李榮三,無,05
雲林縣元長鄉第1選舉區,陳明振,民主進步黨,05
雲林縣元長鄉第2選舉區,徐銘欽,民主進步黨,02
雲林縣元長鄉第2選舉區,吳永裕,無,02
雲林縣元長鄉第2選舉區,吳信慶,無,05
雲林縣元長鄉第2選舉區,吳新忠,無,05
雲林縣元長鄉第2選舉區,吳明選,無,05
雲林縣元長鄉第3選舉區,張勝國,無,02
雲林縣元長鄉第3選舉區,陳德勝,無,04
雲林縣元長鄉第3選舉區,劉東芳,無,05
雲林縣元長鄉第3選舉區,陳昭源,無,05
雲林縣元長鄉第3選舉區,顏忠村,無,05
雲林縣四湖鄉第1選舉區,吳東旻,無,02
雲林縣四湖鄉第1選舉區,陳明新,民主進步黨,02
雲林縣四湖鄉第1選舉區,吳泰源,無,02
雲林縣四湖鄉第1選舉區,吳秀儀,無,04
雲林縣四湖鄉第1選舉區,蔡淑薇,無,05
雲林縣四湖鄉第1選舉區,蔡裕筆,無,05
雲林縣四湖鄉第1選舉區,吳介群,無,05
雲林縣四湖鄉第2選舉區,吳顯志,無,02
雲林縣四湖鄉第2選舉區,郭建利,無,04
雲林縣四湖鄉第2選舉區,吳銘聲,無,05
雲林縣四湖鄉第2選舉區,邱伊舫,無,05
雲林縣四湖鄉第3選舉區,吳順博,無,02
雲林縣四湖鄉第3選舉區,吳仲傑,無,04
雲林縣四湖鄉第3選舉區,吳明信,無,04
雲林縣四湖鄉第3選舉區,吳宗恩,無,05
雲林縣四湖鄉第3選舉區,蔡坤育,無,05
雲林縣四湖鄉第4選舉區,林文智,無,01
雲林縣四湖鄉第4選舉區,林輔賢,無,05
雲林縣口湖鄉第1選舉區,蘇慶璋,無,03
雲林縣口湖鄉第1選舉區,呂三進,無,05
雲林縣口湖鄉第1選舉區,林訓成,無,05
雲林縣口湖鄉第1選舉區,林石忠,無,05
雲林縣口湖鄉第2選舉區,王碧聰,無,01
雲林縣口湖鄉第2選舉區,王紫陽,無,02
雲林縣口湖鄉第2選舉區,王尚謙,無,02
雲林縣口湖鄉第2選舉區,王溪邊,無,05
雲林縣口湖鄉第3選舉區,呂順賢,無,01
雲林縣口湖鄉第3選舉區,林杉全,無,05
雲林縣口湖鄉第4選舉區,李文慶,無,02
雲林縣口湖鄉第4選舉區,李佳昌,無,02
雲林縣口湖鄉第4選舉區,李宗霖,無,03
雲林縣口湖鄉第4選舉區,許真誠,無,05
雲林縣水林鄉第1選舉區,陳文正,無,02
雲林縣水林鄉第1選舉區,吳芙蓉,無,02
雲林縣水林鄉第1選舉區,楊國義,無,02
雲林縣水林鄉第1選舉區,李素勵,無,05
雲林縣水林鄉第1選舉區,李石柏,無,05
雲林縣水林鄉第1選舉區,許耀仁,無,05
雲林縣水林鄉第2選舉區,吳佳勳,民主進步黨,01
雲林縣水林鄉第2選舉區,嚴上山,無,02
雲林縣水林鄉第2選舉區,陳竹城,無,02
雲林縣水林鄉第3選舉區,黃明賢,無,01
雲林縣水林鄉第3選舉區,曾塗明,無,02
雲林縣水林鄉第3選舉區,張素惠,無,02
雲林縣水林鄉第3選舉區,周聯聰,無,02
雲林縣水林鄉第4選舉區,許山埜,無,02
雲林縣水林鄉第4選舉區,陳憲政,無,05
雲林縣水林鄉第4選舉區,許永法,無,05
嘉義縣太保市第1選舉區,蔡聰敏,民主進步黨,02
嘉義縣太保市第1選舉區,官汝濃,無,02
嘉義縣太保市第1選舉區,吳宏哲,無,04
嘉義縣太保市第1選舉區,郭鳳秋,無,05
嘉義縣太保市第1選舉區,林淑勉,無,05
嘉義縣太保市第1選舉區,陳福誠,中華統一促進黨,05
嘉義縣太保市第2選舉區,葉千田,民主進步黨,01
嘉義縣太保市第2選舉區,潘新發,無,02
嘉義縣太保市第2選舉區,程慶隆,無,05
嘉義縣太保市第3選舉區,巫清安,無,01
嘉義縣太保市第3選舉區,周玉岸,民主進步黨,01
嘉義縣太保市第3選舉區,許秀燕,無,02
嘉義縣太保市第3選舉區,葉啓泰,無,02
嘉義縣太保市第3選舉區,柯智翔,無,05
嘉義縣太保市第3選舉區,葉俊男,無,05
嘉義縣太保市第3選舉區,董國富,無,05
嘉義縣太保市第3選舉區,葉長青,無,05
嘉義縣朴子市第1選舉區,吳心俊,中國國民黨,01
嘉義縣朴子市第1選舉區,黃慧欽,無,02
嘉義縣朴子市第1選舉區,黃基全,無,02
嘉義縣朴子市第1選舉區,黃小文,無,02
嘉義縣朴子市第1選舉區,吳品叡,無,05
嘉義縣朴子市第1選舉區,辜勝德,無,05
嘉義縣朴子市第1選舉區,黃安泰,無,05
嘉義縣朴子市第1選舉區,辜明敏,無,05
嘉義縣朴子市第2選舉區,楊美富,民主進步黨,02
嘉義縣朴子市第2選舉區,涂義東,中國國民黨,02
嘉義縣朴子市第2選舉區,葉清全,無,02
嘉義縣朴子市第2選舉區,侯金標,無,05
嘉義縣朴子市第2選舉區,陳玉霞,無,05
嘉義縣朴子市第3選舉區,周典男,中國國民黨,02
嘉義縣朴子市第3選舉區,方鐘永,民主進步黨,02
嘉義縣朴子市第3選舉區,王文賀,無,02
嘉義縣布袋鎮第1選舉區,蕭震穎,無,01
嘉義縣布袋鎮第1選舉區,王素燕,中國國民黨,01
嘉義縣布袋鎮第1選舉區,蕭素蘭,民主進步黨,02
嘉義縣布袋鎮第1選舉區,蔡石鵬,無,04
嘉義縣布袋鎮第1選舉區,高安允,無,05
嘉義縣布袋鎮第1選舉區,黃澄煙,無,05
嘉義縣布袋鎮第2選舉區,陳崑東,無,01
嘉義縣布袋鎮第2選舉區,莊清三,中國國民黨,01
嘉義縣布袋鎮第2選舉區,王榮楚,民主進步黨,02
嘉義縣布袋鎮第2選舉區,莊金守,無,03
嘉義縣布袋鎮第2選舉區,張福祥,無,05
嘉義縣布袋鎮第2選舉區,李志榮,無,05
嘉義縣布袋鎮第3選舉區,黃秀青,民主進步黨,02
嘉義縣布袋鎮第3選舉區,黃青揮,無,02
嘉義縣布袋鎮第3選舉區,邱彬,民主進步黨,02
嘉義縣布袋鎮第3選舉區,蔡崇仕,無,02
嘉義縣布袋鎮第3選舉區,蔡育璋,無,05
嘉義縣布袋鎮第3選舉區,王世勳,無,05
嘉義縣布袋鎮第3選舉區,鄭木村,無,05
嘉義縣布袋鎮第3選舉區,蘇邱麗月,中國國民黨,05
嘉義縣大林鎮第1選舉區,劉文力,無,01
嘉義縣大林鎮第1選舉區,陳佳琳,無,01
嘉義縣大林鎮第1選舉區,鄭秀慧,中國國民黨,02
嘉義縣大林鎮第1選舉區,陳政義,民主進步黨,02
嘉義縣大林鎮第1選舉區,簡文桓,無,03
嘉義縣大林鎮第1選舉區,陳春一,無,05
嘉義縣大林鎮第1選舉區,簡桐銘,無,05
嘉義縣大林鎮第1選舉區,謝明瑞,民主進步黨,05
嘉義縣大林鎮第2選舉區,簡安邦,無,02
嘉義縣大林鎮第2選舉區,林長潤,無,02
嘉義縣大林鎮第2選舉區,簡心騏,無,02
嘉義縣大林鎮第2選舉區,薛明珍,中國國民黨,02
嘉義縣大林鎮第2選舉區,洪玉娥,無,02
嘉義縣大林鎮第2選舉區,陳進祥,無,05
嘉義縣民雄鄉第1選舉區,蔡榮華,民主進步黨,02
嘉義縣民雄鄉第1選舉區,簡嘉億,中國國民黨,02
嘉義縣民雄鄉第1選舉區,楊秀密,無,05
嘉義縣民雄鄉第1選舉區,黃國雅,民主進步黨,05
嘉義縣民雄鄉第1選舉區,林淑完,無,05
嘉義縣民雄鄉第1選舉區,何喜士,無,05
嘉義縣民雄鄉第2選舉區,周榮茂,無,01
嘉義縣民雄鄉第2選舉區,許正宗,無,02
嘉義縣民雄鄉第2選舉區,游邱月勤,中國國民黨,02
嘉義縣民雄鄉第2選舉區,陳鳳釵,無,02
嘉義縣民雄鄉第2選舉區,陳茂喜,民主進步黨,02
嘉義縣民雄鄉第2選舉區,江水林,中國國民黨,05
嘉義縣民雄鄉第3選舉區,何元儀,無,01
嘉義縣民雄鄉第3選舉區,何旭昇,無,01
嘉義縣民雄鄉第3選舉區,許麗琴,無,02
嘉義縣民雄鄉第3選舉區,劉秀鑾,民主進步黨,02
嘉義縣民雄鄉第3選舉區,何炎山,無,02
嘉義縣民雄鄉第3選舉區,羅偉菘,無,05
嘉義縣溪口鄉第1選舉區,劉耀淳,無,02
嘉義縣溪口鄉第1選舉區,王建男,無,02
嘉義縣溪口鄉第1選舉區,張旭昇,無,02
嘉義縣溪口鄉第1選舉區,詹明宗,無,04
嘉義縣溪口鄉第1選舉區,邱淑玲,無,05
嘉義縣溪口鄉第1選舉區,洪雪玲,無,05
嘉義縣溪口鄉第1選舉區,詹杉柏,無,05
嘉義縣溪口鄉第1選舉區,姚炳男,無,05
嘉義縣溪口鄉第1選舉區,鄭龍財,無,05
嘉義縣溪口鄉第2選舉區,賴俊吉,無,02
嘉義縣溪口鄉第2選舉區,陳世楓,無,02
嘉義縣溪口鄉第2選舉區,蔡錦雯,無,05
嘉義縣溪口鄉第2選舉區,邱翠雲,無,05
嘉義縣溪口鄉第2選舉區,王明居,無,05
嘉義縣溪口鄉第2選舉區,王春森,無,05
嘉義縣新港鄉,洪鴻然,無,01
嘉義縣新港鄉第1選舉區,林永宏,無,01
嘉義縣新港鄉第1選舉區,盧明政,無,01
嘉義縣新港鄉第1選舉區,江淑娟,無,01
嘉義縣新港鄉第1選舉區,蔡錦屏,無,02
嘉義縣新港鄉第1選舉區,洪茂睿,無,03
嘉義縣新港鄉第1選舉區,陳永義,無,05
嘉義縣新港鄉第1選舉區,江昆龍,無,05
嘉義縣新港鄉第2選舉區,葉國輝,無,01
嘉義縣新港鄉第2選舉區,陳福全,無,02
嘉義縣新港鄉第2選舉區,江筱芃,無,03
嘉義縣新港鄉第2選舉區,林世奇,無,05
嘉義縣新港鄉第2選舉區,林國富,無,05
嘉義縣新港鄉第2選舉區,黃朝輝,無,05
嘉義縣新港鄉第2選舉區,林祐宏,無,05
嘉義縣六腳鄉第1選舉區,陳杉才,無,01
嘉義縣六腳鄉第1選舉區,黃善,無,01
嘉義縣六腳鄉第1選舉區,陳德憲,無,02
嘉義縣六腳鄉第1選舉區,黃英文,民主進步黨,02
嘉義縣六腳鄉第1選舉區,侯楊柔,民主進步黨,02
嘉義縣六腳鄉第1選舉區,黃靖雯,中國國民黨,05
嘉義縣六腳鄉第1選舉區,秦育麟,無,05
嘉義縣六腳鄉第1選舉區,黃水俊,無,05
嘉義縣六腳鄉第1選舉區,陳麗淑,無,05
嘉義縣六腳鄉第2選舉區,柯界足,無,01
嘉義縣六腳鄉第2選舉區,蔡弘儀,無,02
嘉義縣六腳鄉第2選舉區,蘇添財,民主進步黨,05
嘉義縣六腳鄉第2選舉區,角麗卿,無,05
嘉義縣六腳鄉第2選舉區,黃明世,無,05
嘉義縣六腳鄉第2選舉區,王清波,無,05
嘉義縣六腳鄉第3選舉區,廖法志,無,02
嘉義縣六腳鄉第3選舉區,謝守吉,無,05
嘉義縣東石鄉第1選舉區,蔡木貴,無,02
嘉義縣東石鄉第1選舉區,黃淑卿,無,05
嘉義縣東石鄉第1選舉區,黃玉燕,無,05
嘉義縣東石鄉第1選舉區,黃東岳,無,05
嘉義縣東石鄉第1選舉區,黃錫駒,無,05
嘉義縣東石鄉第2選舉區,徐明勲,民主進步黨,02
嘉義縣東石鄉第2選舉區,黃碧瑜,無,02
嘉義縣東石鄉第2選舉區,蔡淑惠,無,02
嘉義縣東石鄉第2選舉區,陳振峰,無,05
嘉義縣東石鄉第2選舉區,柯祝文,無,05
嘉義縣東石鄉第2選舉區,蔡善龍,無,05
嘉義縣東石鄉第2選舉區,張惠雪,無,05
嘉義縣東石鄉第3選舉區,李流宋,無,01
嘉義縣東石鄉第3選舉區,陳朝順,無,02
嘉義縣東石鄉第3選舉區,柯淑勤,無,02
嘉義縣東石鄉第3選舉區,李佳麟,無,05
嘉義縣東石鄉第3選舉區,陳建聰,無,05
嘉義縣義竹鄉第1選舉區,林翁芷圉,無,01
嘉義縣義竹鄉第1選舉區,黃江山,無,02
嘉義縣義竹鄉第1選舉區,翁安升,民主進步黨,02
嘉義縣義竹鄉第1選舉區,翁榮輝,無,02
嘉義縣義竹鄉第1選舉區,翁麗玲,無,05
嘉義縣義竹鄉第1選舉區,劉俊毅,無,05
嘉義縣義竹鄉第2選舉區,郭崑山,無,02
嘉義縣義竹鄉第2選舉區,黃玉慧,無,02
嘉義縣義竹鄉第2選舉區,蕭加朗,無,02
嘉義縣義竹鄉第2選舉區,李俊穆,無,03
嘉義縣義竹鄉第2選舉區,顏正惠,無,04
嘉義縣義竹鄉第2選舉區,黃福村,無,05
嘉義縣義竹鄉第2選舉區,林日申,無,05
嘉義縣義竹鄉第2選舉區,陳明珠,無,05
嘉義縣義竹鄉第2選舉區,鄭仲義,無,05
嘉義縣鹿草鄉第1選舉區,宗僑英,無,02
嘉義縣鹿草鄉第1選舉區,張時男,無,02
嘉義縣鹿草鄉第1選舉區,鄭任宏,無,02
嘉義縣鹿草鄉第1選舉區,吳淑琴,無,02
嘉義縣鹿草鄉第2選舉區,洪溶鎂,無,01
嘉義縣鹿草鄉第2選舉區,劉寶玉,無,05
嘉義縣鹿草鄉第2選舉區,施坤霖,無,05
嘉義縣鹿草鄉第2選舉區,陳旭池,無,05
嘉義縣鹿草鄉第2選舉區,吳輝臨,無,05
嘉義縣鹿草鄉第3選舉區,黃友政,無,01
嘉義縣鹿草鄉第3選舉區,陳銘鴻,無,01
嘉義縣鹿草鄉第3選舉區,詹朋樺,無,05
嘉義縣水上鄉第1選舉區,劉柏松,無,02
嘉義縣水上鄉第1選舉區,吳培裕,中國國民黨,05
嘉義縣水上鄉第1選舉區,賴坤城,無,05
嘉義縣水上鄉第1選舉區,吳建霖,無,05
嘉義縣水上鄉第2選舉區,劉龍春,民主進步黨,02
嘉義縣水上鄉第2選舉區,李清茂,無,02
嘉義縣水上鄉第2選舉區,林明志,民主進步黨,05
嘉義縣水上鄉第2選舉區,陳德榮,無,05
嘉義縣水上鄉第3選舉區,賴振亮,無,02
嘉義縣水上鄉第3選舉區,簡瑞峰,中國國民黨,02
嘉義縣水上鄉第3選舉區,何英銘,無,02
嘉義縣水上鄉第3選舉區,毛聖鑫,無,02
嘉義縣水上鄉第3選舉區,黃詠隆,民主進步黨,05
嘉義縣水上鄉第3選舉區,劉志成,中國國民黨,05
嘉義縣水上鄉第3選舉區,林芳琪,中國國民黨,05
嘉義縣水上鄉第3選舉區,陸怡蓁,民主進步黨,05
嘉義縣中埔鄉第1選舉區,劉福印,無,01
嘉義縣中埔鄉第1選舉區,侯來吉,中國國民黨,02
嘉義縣中埔鄉第1選舉區,李明泰,無,02
嘉義縣中埔鄉第1選舉區,邱裕峰,民主進步黨,02
嘉義縣中埔鄉第1選舉區,黃毓諄,民主進步黨,02
嘉義縣中埔鄉第1選舉區,謝玉妙,民主進步黨,02
嘉義縣中埔鄉第1選舉區,羅玉梅,無,02
嘉義縣中埔鄉第1選舉區,康坤旺,無,02
嘉義縣中埔鄉第1選舉區,黃世昌,無,05
嘉義縣中埔鄉第1選舉區,侯清河,無,05
嘉義縣中埔鄉第2選舉區,龔良榮,民主進步黨,02
嘉義縣中埔鄉第2選舉區,王瑞麟,中國國民黨,02
嘉義縣中埔鄉第2選舉區,何韻定,無,02
嘉義縣中埔鄉第2選舉區,趙國揚,無,05
嘉義縣中埔鄉第3選舉區,林武揚,民主進步黨,02
嘉義縣中埔鄉第3選舉區,陳明哲,無,02
嘉義縣中埔鄉第3選舉區,邱銀海,中國國民黨,03
嘉義縣中埔鄉第3選舉區,林來宸,無,05
嘉義縣竹崎鄉第1選舉區,林佳慧,無,02
嘉義縣竹崎鄉第1選舉區,王清美,無,04
嘉義縣竹崎鄉第1選舉區,陳宏吉,無,05
嘉義縣竹崎鄉第1選舉區,蔡瀧賢,無,05
嘉義縣竹崎鄉第1選舉區,吳佳賢,無,05
嘉義縣竹崎鄉第1選舉區,林昆宏,無,05
嘉義縣竹崎鄉第1選舉區,陳錦發,無,05
嘉義縣竹崎鄉第1選舉區,李安怡,無,05
嘉義縣竹崎鄉第2選舉區,莊林雪蓮,無,02
嘉義縣竹崎鄉第2選舉區,姚再生,無,02
嘉義縣竹崎鄉第2選舉區,邱聰哲,無,02
嘉義縣竹崎鄉第2選舉區,蕭清白,無,04
嘉義縣竹崎鄉第2選舉區,蕭舜吉,無,05
嘉義縣竹崎鄉第2選舉區,邱振財,無,05
嘉義縣竹崎鄉第3選舉區,張銘啓,無,02
嘉義縣竹崎鄉第3選舉區,王永清,無,02
嘉義縣竹崎鄉第3選舉區,葉育誠,無,05
嘉義縣竹崎鄉第3選舉區,林錦模,無,05
嘉義縣梅山鄉第1選舉區,吳進崙,無,01
嘉義縣梅山鄉第1選舉區,陳啟南,無,01
嘉義縣梅山鄉第1選舉區,簡朝送,無,02
嘉義縣梅山鄉第1選舉區,鍾志成,無,02
嘉義縣梅山鄉第1選舉區,林秋億,無,02
嘉義縣梅山鄉第1選舉區,謝簡秀吉,無,02
嘉義縣梅山鄉第1選舉區,高義清,無,02
嘉義縣梅山鄉第1選舉區,蕭淑雲,中國國民黨,05
嘉義縣梅山鄉第2選舉區,王啟銘,中國國民黨,01
嘉義縣梅山鄉第2選舉區,袁聖豐,中國國民黨,02
嘉義縣梅山鄉第2選舉區,何勝巡,中國國民黨,02
嘉義縣梅山鄉第2選舉區,楊良聰,無,02
嘉義縣梅山鄉第2選舉區,黃錕龍,無,02
嘉義縣梅山鄉第3選舉區,簡土水,無,02
嘉義縣梅山鄉第3選舉區,李建宏,無,02
嘉義縣番路鄉第1選舉區,張嘉隆,無,02
嘉義縣番路鄉第1選舉區,劉玉柱,無,02
嘉義縣番路鄉第1選舉區,林政輝,無,02
嘉義縣番路鄉第1選舉區,羅勝國,無,02
嘉義縣番路鄉第1選舉區,陳技男,中國國民黨,02
嘉義縣番路鄉第1選舉區,周昆輝,無,05
嘉義縣番路鄉第1選舉區,林慧君,無,05
嘉義縣番路鄉第1選舉區,林彩燕,無,05
嘉義縣番路鄉第1選舉區,陳增旭,無,05
嘉義縣番路鄉第2選舉區,武世忠,無,01
嘉義縣番路鄉第2選舉區,林宏謙,無,01
嘉義縣番路鄉第2選舉區,陳正昇,無,02
嘉義縣番路鄉第2選舉區,廖冠柄,無,05
嘉義縣番路鄉第2選舉區,洪研蘋,無,05
嘉義縣番路鄉第2選舉區,丁秀蘭,無,05
嘉義縣大埔鄉第1選舉區,黃陳彩秀,無,02
嘉義縣大埔鄉第1選舉區,王國波,無,02
嘉義縣大埔鄉第1選舉區,陳木全,無,03
嘉義縣大埔鄉第1選舉區,陳金得,中國國民黨,05
嘉義縣大埔鄉第2選舉區,陳癸全,無,02
嘉義縣大埔鄉第2選舉區,劉坤庭,中國國民黨,02
嘉義縣大埔鄉第2選舉區,楊見義,無,02
嘉義縣大埔鄉第2選舉區,吳宗霖,無,05
嘉義縣阿里山鄉第1選舉區,徐子豪,中國國民黨,02
嘉義縣阿里山鄉第1選舉區,許瑞坤,無,02
嘉義縣阿里山鄉第1選舉區,徐俊樹,無,04
嘉義縣阿里山鄉第2選舉區,莊健原,無,02
嘉義縣阿里山鄉第2選舉區,梁宗賢,無,02
嘉義縣阿里山鄉第2選舉區,陳清龍,無,05
嘉義縣阿里山鄉第2選舉區,林清福,無,05
嘉義縣阿里山鄉第2選舉區,汪大華,無,05
嘉義縣阿里山鄉第2選舉區,陳有福,無,05
嘉義縣阿里山鄉第3選舉區,武清山,無,02
嘉義縣阿里山鄉第3選舉區,莊清貴,無,02
嘉義縣阿里山鄉第3選舉區,楊秋輝,無,02
嘉義縣阿里山鄉第3選舉區,莊榮貴,無,05
嘉義縣阿里山鄉第3選舉區,楊敬一,無,05
屏東縣屏東市第1選舉區,林玉井,中國國民黨,02
屏東縣屏東市第2選舉區,李玉萍,中國國民黨,02
屏東縣屏東市第2選舉區,吳尤敏,民主進步黨,02
屏東縣屏東市第2選舉區,張儷馨,無,02
屏東縣屏東市第2選舉區,朱浩昌,民主進步黨,02
屏東縣屏東市第2選舉區,吳漢霖,無,02
屏東縣屏東市第2選舉區,王芬里,民主進步黨,02
屏東縣屏東市第2選舉區,饒怡君,民主進步黨,02
屏東縣屏東市第2選舉區,陳加彬,無,04
屏東縣屏東市第2選舉區,沈忠平,中國國民黨,05
屏東縣屏東市第3選舉區,林恊松,中國國民黨,01
屏東縣屏東市第3選舉區,李秀䅿,無,02
屏東縣屏東市第3選舉區,簡美麗,無,02
屏東縣屏東市第3選舉區,林福濟,無,02
屏東縣屏東市第3選舉區,李進是,民主進步黨,02
屏東縣屏東市第3選舉區,方一祥,民主進步黨,02
屏東縣屏東市第3選舉區,林淑香,中國國民黨,03
屏東縣屏東市第3選舉區,方華雄,中國國民黨,04
屏東縣屏東市第3選舉區,嚴淑裕,中國國民黨,05
屏東縣屏東市第4選舉區,林韋呈,無,01
屏東縣屏東市第4選舉區,陳玉蘭,民主進步黨,01
屏東縣屏東市第4選舉區,謝雪鳳,中國國民黨,02
屏東縣屏東市第4選舉區,王瑞芳,民主進步黨,02
屏東縣屏東市第4選舉區,張耀文,無,02
屏東縣屏東市第4選舉區,吳泰華,無,02
屏東縣屏東市第4選舉區,周志豪,民主進步黨,02
屏東縣屏東市第4選舉區,蕭國亮,中國國民黨,02
屏東縣屏東市第4選舉區,洪偉成,無,02
屏東縣屏東市第4選舉區,陳哲蕙,中國國民黨,02
屏東縣屏東市第4選舉區,李漢鐘,民主進步黨,02
屏東縣屏東市第4選舉區,林芬霞,無,05
屏東縣潮州鎮第1選舉區,潘素霞,民主進步黨,01
屏東縣潮州鎮第1選舉區,王淑貞,中國國民黨,01
屏東縣潮州鎮第1選舉區,廖進源,民主進步黨,02
屏東縣潮州鎮第1選舉區,李冠群,無,02
屏東縣潮州鎮第1選舉區,周品全,無,02
屏東縣潮州鎮第1選舉區,黃憲正,民主進步黨,02
屏東縣潮州鎮第1選舉區,陳畇翔,無,02
屏東縣潮州鎮第1選舉區,鄭明玉,無,05
屏東縣潮州鎮第1選舉區,管能弘,無,05
屏東縣潮州鎮第2選舉區,鄞玉安,無,02
屏東縣潮州鎮第2選舉區,陳素春,民主進步黨,02
屏東縣潮州鎮第2選舉區,李良山,民主進步黨,02
屏東縣潮州鎮第2選舉區,張王惠雪,無,02
屏東縣潮州鎮第2選舉區,劉志偉,中國國民黨,02
屏東縣潮州鎮第2選舉區,王俞森,中國國民黨,05
屏東縣潮州鎮第3選舉區,陳貞亮,民主進步黨,02
屏東縣潮州鎮第3選舉區,陳振春,無,05
屏東縣東港鎮第1選舉區,陳敏雄,親民黨,01
屏東縣東港鎮第1選舉區,蕭博仁,無,01
屏東縣東港鎮第1選舉區,黃俊嵐,無,02
屏東縣東港鎮第1選舉區,劉王珠珍,無,02
屏東縣東港鎮第1選舉區,蘇松雄,無,02
屏東縣東港鎮第1選舉區,楊琼如,無,02
屏東縣東港鎮第1選舉區,洪志明,中國國民黨,02
屏東縣東港鎮第1選舉區,洪慶田,無,03
屏東縣東港鎮第1選舉區,鄭鈺宸,無,03
屏東縣東港鎮第1選舉區,方文正,無,05
屏東縣東港鎮第2選舉區,蔡錦銳,無,03
屏東縣東港鎮第2選舉區,周良仁,無,05
屏東縣東港鎮第3選舉區,黃禎祥,無,01
屏東縣東港鎮第3選舉區,吳勝發,無,02
屏東縣東港鎮第3選舉區,陳春朝,民主進步黨,03
屏東縣東港鎮第3選舉區,黃勝源,無,03
屏東縣東港鎮第4選舉區,林清發,民主進步黨,02
屏東縣東港鎮第4選舉區,周錦谷,無,02
屏東縣東港鎮第4選舉區,葉正霖,民主進步黨,02
屏東縣東港鎮第4選舉區,蘇忠平,無,03
屏東縣東港鎮第4選舉區,吳金福,中國國民黨,03
屏東縣恆春鎮第1選舉區,鄭金祈,無,02
屏東縣恆春鎮第1選舉區,吳明文,無,03
屏東縣恆春鎮第2選舉區,張榮標,無,02
屏東縣恆春鎮第2選舉區,李建華,無,02
屏東縣恆春鎮第2選舉區,陳進興,無,04
屏東縣恆春鎮第2選舉區,尤史經,無,05
屏東縣恆春鎮第2選舉區,陳張秀月,無,05
屏東縣恆春鎮第3選舉區,葉勝豐,無,01
屏東縣恆春鎮第3選舉區,陳新賢,無,02
屏東縣恆春鎮第3選舉區,蔡新將,無,02
屏東縣恆春鎮第3選舉區,吳啟春,無,02
屏東縣恆春鎮第3選舉區,柯政隆,無,03
屏東縣恆春鎮第3選舉區,陳進順,無,05
屏東縣恆春鎮第3選舉區,陳正生,無,05
屏東縣恆春鎮第3選舉區,吳榮鴻,無,05
屏東縣恆春鎮第4選舉區,周志仲,無,02
屏東縣恆春鎮第4選舉區,盧榮士,無,02
屏東縣恆春鎮第4選舉區,盧榮生,無,03
屏東縣恆春鎮第4選舉區,陳進義,中國國民黨,05
屏東縣恆春鎮第4選舉區,潘順發,無,05
屏東縣萬丹鄉第1選舉區,李奇萬,無,01
屏東縣萬丹鄉第1選舉區,黃連益,無,01
屏東縣萬丹鄉第1選舉區,陳居首,民主進步黨,01
屏東縣萬丹鄉第2選舉區,洪維呈,民主進步黨,01
屏東縣萬丹鄉第2選舉區,李麗卿,民主進步黨,01
屏東縣萬丹鄉第2選舉區,鄭玉媛,民主進步黨,02
屏東縣萬丹鄉第2選舉區,方天仕,民主進步黨,02
屏東縣萬丹鄉第2選舉區,李建霖,無,04
屏東縣萬丹鄉第2選舉區,李麗雪,中國國民黨,05
屏東縣萬丹鄉第2選舉區,王金義,無,05
屏東縣萬丹鄉第2選舉區,李健新,無,05
屏東縣萬丹鄉第3選舉區,簡天屏,民主進步黨,01
屏東縣萬丹鄉第3選舉區,李易紘,無,05
屏東縣萬丹鄉第3選舉區,洪宗麒,無,05
屏東縣萬丹鄉第4選舉區,鍾量在,無,01
屏東縣萬丹鄉第4選舉區,洪石柱,無,02
屏東縣萬丹鄉第4選舉區,毛民欽,無,02
屏東縣萬丹鄉第4選舉區,林仲勝,無,03
屏東縣萬丹鄉第4選舉區,徐銘言,無,05
屏東縣長治鄉第1選舉區,鍾任政,民主進步黨,01
屏東縣長治鄉第1選舉區,邱佳娟,民主進步黨,02
屏東縣長治鄉第1選舉區,黃德嬌,中國國民黨,02
屏東縣長治鄉第1選舉區,黃文俊,無,02
屏東縣長治鄉第1選舉區,黃志仁,無,02
屏東縣長治鄉第1選舉區,邱炬峰,無,02
屏東縣長治鄉第1選舉區,邱威文,無,03
屏東縣長治鄉第1選舉區,鍾永裕,無,05
屏東縣長治鄉第1選舉區,邱永安,無,05
屏東縣長治鄉第2選舉區,馮治臺,民主進步黨,02
屏東縣長治鄉第2選舉區,古佳川,民主進步黨,02
屏東縣長治鄉第2選舉區,邱泰森,中國國民黨,02
屏東縣長治鄉第2選舉區,黃政君,無,05
屏東縣長治鄉第2選舉區,邱光榮,無,05
屏東縣長治鄉第3選舉區,董寶達,無,01
屏東縣長治鄉第3選舉區,董平和,無,01
屏東縣長治鄉第3選舉區,張永彰,中國國民黨,02
屏東縣長治鄉第3選舉區,王憲政,無,02
屏東縣麟洛鄉第1選舉區,盧重彰,無,02
屏東縣麟洛鄉第1選舉區,曾瑞香,無,02
屏東縣麟洛鄉第1選舉區,邱祿祥,無,05
屏東縣麟洛鄉第2選舉區,謝禮治,無,01
屏東縣麟洛鄉第2選舉區,廖龍依,無,02
屏東縣麟洛鄉第2選舉區,邱志聖,無,02
屏東縣麟洛鄉第2選舉區,徐富楠,無,02
屏東縣麟洛鄉第3選舉區,邱春櫻,無,02
屏東縣麟洛鄉第3選舉區,鄧有仁,無,02
屏東縣麟洛鄉第3選舉區,彭信文,無,02
屏東縣麟洛鄉第4選舉區,馮和源,無,01
屏東縣麟洛鄉第4選舉區,陳勝隆,無,02
屏東縣麟洛鄉第4選舉區,劉文山,無,02
屏東縣麟洛鄉第4選舉區,楊永富,無,05
屏東縣九如鄉第1選舉區,陳高進,無,01
屏東縣九如鄉第1選舉區,黃朝鐘,無,01
屏東縣九如鄉第1選舉區,蔡吉村,民主進步黨,02
屏東縣九如鄉第1選舉區,盧進陽,無,02
屏東縣九如鄉第1選舉區,楊泰盛,民主進步黨,02
屏東縣九如鄉第1選舉區,黃松,無,02
屏東縣九如鄉第1選舉區,許坤榮,無,05
屏東縣九如鄉第2選舉區,余蟬娟,無,02
屏東縣九如鄉第2選舉區,葉冠廷,無,02
屏東縣九如鄉第2選舉區,蘇明清,無,02
屏東縣九如鄉第2選舉區,陳崑家,無,02
屏東縣九如鄉第2選舉區,曾琳姿,無,05
屏東縣九如鄉第2選舉區,黃顯樑,無,05
屏東縣九如鄉第3選舉區,陳宥蓁,無,01
屏東縣九如鄉第3選舉區,陳清進,無,02
屏東縣九如鄉第3選舉區,邱文貴,無,02
屏東縣九如鄉第4選舉區,曾聯茂,無,01
屏東縣九如鄉第4選舉區,藍聰信,無,02
屏東縣九如鄉第4選舉區,曾忠欽,無,02
屏東縣九如鄉第4選舉區,盧恩行,無,02
屏東縣九如鄉第4選舉區,錢林秋敏,無,02
屏東縣九如鄉第4選舉區,郭春滿,無,02
屏東縣九如鄉第4選舉區,吳堡鎮,無,02
屏東縣里港鄉第1選舉區,陳來厚,民主進步黨,01
屏東縣里港鄉第1選舉區,陳文建,民主進步黨,02
屏東縣里港鄉第1選舉區,楊聰麟,民主進步黨,02
屏東縣里港鄉第1選舉區,楊重鍾,無,02
屏東縣里港鄉第2選舉區,林綿顯,無,01
屏東縣里港鄉第2選舉區,林雲益,民主進步黨,01
屏東縣里港鄉第3選舉區,鄒天財,無,02
屏東縣里港鄉第3選舉區,洪明軍,無,02
屏東縣里港鄉第3選舉區,余有志,無,02
屏東縣里港鄉第3選舉區,陳永松,民主進步黨,02
屏東縣里港鄉第4選舉區,許燕受,無,01
屏東縣里港鄉第4選舉區,曾明源,中國國民黨,01
屏東縣里港鄉第4選舉區,莊清和,民主進步黨,02
屏東縣里港鄉第4選舉區,謝見興,無,03
屏東縣鹽埔鄉第1選舉區,黃炳雄,無,02
屏東縣鹽埔鄉第1選舉區,郭添登,無,02
屏東縣鹽埔鄉第1選舉區,林金水江,無,02
屏東縣鹽埔鄉第1選舉區,王郭銀粉,無,02
屏東縣鹽埔鄉第1選舉區,黃耀德,無,02
屏東縣鹽埔鄉第1選舉區,王國和,無,03
屏東縣鹽埔鄉第1選舉區,呂淑蓮,無,03
屏東縣鹽埔鄉第1選舉區,黃智麟,無,03
屏東縣鹽埔鄉第1選舉區,江朝鳳,無,05
屏東縣鹽埔鄉第2選舉區,吳道雄,無,03
屏東縣鹽埔鄉第2選舉區,許昆郎,無,05
屏東縣鹽埔鄉第2選舉區,葉慶祿,無,05
屏東縣鹽埔鄉第3選舉區,楊全福,民主進步黨,01
屏東縣鹽埔鄉第3選舉區,施宗益,無,02
屏東縣鹽埔鄉第3選舉區,許基福,無,02
屏東縣鹽埔鄉第3選舉區,張村鎮,無,02
屏東縣鹽埔鄉第3選舉區,林政男,無,02
屏東縣鹽埔鄉第3選舉區,柯信行,無,02
屏東縣鹽埔鄉第3選舉區,李再修,無,05
屏東縣鹽埔鄉第3選舉區,陳冠盛,無,05
屏東縣鹽埔鄉第4選舉區,林清得,無,02
屏東縣鹽埔鄉第4選舉區,曾順龍,無,03
屏東縣高樹鄉第1選舉區,楊平庄,無,02
屏東縣高樹鄉第1選舉區,陳美棉,無,02
屏東縣高樹鄉第1選舉區,陳進榮,無,02
屏東縣高樹鄉第1選舉區,楊秀文,無,05
屏東縣高樹鄉第1選舉區,鍾順娣,無,05
屏東縣高樹鄉第2選舉區,羅慶煥,無,02
屏東縣高樹鄉第2選舉區,黃明正,無,02
屏東縣高樹鄉第2選舉區,伍俊賢,無,02
屏東縣高樹鄉第3選舉區,黃明來,無,02
屏東縣高樹鄉第3選舉區,曾德榮,無,02
屏東縣高樹鄉第3選舉區,鄭明雨,無,02
屏東縣高樹鄉第3選舉區,張太山,無,05
屏東縣高樹鄉第4選舉區,許壽全,無,02
屏東縣高樹鄉第4選舉區,黃仁谷,無,02
屏東縣萬巒鄉第1選舉區,謝國雄,民主進步黨,01
屏東縣萬巒鄉第1選舉區,鍾勇龍,無,02
屏東縣萬巒鄉第1選舉區,涂榮章,中國國民黨,02
屏東縣萬巒鄉第1選舉區,曾培書,民主進步黨,02
屏東縣萬巒鄉第1選舉區,曾淼祥,無,05
屏東縣萬巒鄉第2選舉區,林桓文,民主進步黨,02
屏東縣萬巒鄉第2選舉區,劉正雄,無,02
屏東縣萬巒鄉第2選舉區,李盛蘭,中國國民黨,02
屏東縣萬巒鄉第2選舉區,潘簡夜合,無,03
屏東縣萬巒鄉第3選舉區,潘美燕,無,02
屏東縣萬巒鄉第3選舉區,潘進丁,民主進步黨,02
屏東縣萬巒鄉第3選舉區,潘英守,民主進步黨,02
屏東縣萬巒鄉第4選舉區,陳明標,無,01
屏東縣萬巒鄉第4選舉區,陳平貴,無,02
屏東縣萬巒鄉第4選舉區,廖芳英,民主進步黨,02
屏東縣萬巒鄉第4選舉區,湯文生,無,02
屏東縣內埔鄉第1選舉區,利志南,民主進步黨,01
屏東縣內埔鄉第1選舉區,林吉善,民主進步黨,02
屏東縣內埔鄉第1選舉區,李裕忠,無,02
屏東縣內埔鄉第1選舉區,謝文龍,無,02
屏東縣內埔鄉第1選舉區,張筱薇,民主進步黨,02
屏東縣內埔鄉第1選舉區,李佩芳,中國國民黨,03
屏東縣內埔鄉第1選舉區,林勤童,中國國民黨,05
屏東縣內埔鄉第1選舉區,李兆文,無,05
屏東縣內埔鄉第2選舉區,曾健野,中國國民黨,02
屏東縣內埔鄉第2選舉區,鍾慶鎮,民主進步黨,02
屏東縣內埔鄉第3選舉區,鍾卓宏,無,01
屏東縣內埔鄉第3選舉區,鍾招喜,民主進步黨,02
屏東縣內埔鄉第4選舉區,黃子珉,無,01
屏東縣內埔鄉第4選舉區,沈祈任,無,02
屏東縣內埔鄉第4選舉區,顏顯鑐,民主進步黨,02
屏東縣內埔鄉第4選舉區,張金土,無,02
屏東縣內埔鄉第4選舉區,張秀緣,無,05
屏東縣內埔鄉第4選舉區,郭麗珍,中國國民黨,05
屏東縣內埔鄉第4選舉區,李進賢,無,05
屏東縣竹田鄉第1選舉區,謝錦菊,無,02
屏東縣竹田鄉第1選舉區,陳玉章,無,02
屏東縣竹田鄉第1選舉區,李慶和,無,02
屏東縣竹田鄉第1選舉區,曾美美,無,03
屏東縣竹田鄉第1選舉區,吳定軒,無,03
屏東縣竹田鄉第1選舉區,邱森玉,無,05
屏東縣竹田鄉第1選舉區,利國新,無,05
屏東縣竹田鄉第1選舉區,吳燈雄,無,05
屏東縣竹田鄉第2選舉區,吳振中,民主進步黨,01
屏東縣竹田鄉第2選舉區,鄒懋明,無,02
屏東縣竹田鄉第2選舉區,陳文欽,無,03
屏東縣竹田鄉第2選舉區,曾維雄,無,03
屏東縣竹田鄉第2選舉區,劉家丁,無,05
屏東縣竹田鄉第2選舉區,黃仁泉,無,05
屏東縣竹田鄉第3選舉區,張美純,民主進步黨,02
屏東縣竹田鄉第3選舉區,施采萍,無,05
屏東縣竹田鄉第3選舉區,陳妙慈,無,05
屏東縣竹田鄉第3選舉區,李李水,無,05
屏東縣新埤鄉第1選舉區,張時田,無,01
屏東縣新埤鄉第1選舉區,曾金寶,無,02
屏東縣新埤鄉第1選舉區,謝麗珠,中國國民黨,02
屏東縣新埤鄉第1選舉區,郭明祝,無,02
屏東縣新埤鄉第1選舉區,曾旗光,中國國民黨,02
屏東縣新埤鄉第1選舉區,鍾貴來,無,05
屏東縣新埤鄉第2選舉區,蘇德旺,無,02
屏東縣新埤鄉第2選舉區,林維洋,無,05
屏東縣新埤鄉第2選舉區,邱景耀,無,05
屏東縣新埤鄉第3選舉區,陳照欽,無,01
屏東縣新埤鄉第3選舉區,王諸叔,無,02
屏東縣新埤鄉第3選舉區,許世雄,民主進步黨,02
屏東縣新埤鄉第3選舉區,吳進德,中國國民黨,04
屏東縣新埤鄉第4選舉區,潘建民,無,01
屏東縣新埤鄉第4選舉區,潘日護,無,02
屏東縣新埤鄉第4選舉區,潘和源,無,02
屏東縣新埤鄉第4選舉區,潘榮宗,無,02
屏東縣新埤鄉第4選舉區,王清池,中國國民黨,04
屏東縣枋寮鄉第1選舉區,盧銘榮,無,01
屏東縣枋寮鄉第1選舉區,張進福,無,01
屏東縣枋寮鄉第1選舉區,李鑾娥,無,01
屏東縣枋寮鄉第1選舉區,洪茂豐,中國國民黨,01
屏東縣枋寮鄉第1選舉區,王建富,無,02
屏東縣枋寮鄉第1選舉區,沈清水,民主進步黨,02
屏東縣枋寮鄉第1選舉區,陳許宜妙,中國國民黨,05
屏東縣枋寮鄉第2選舉區,陳燕萩,中國國民黨,01
屏東縣枋寮鄉第2選舉區,劉榮謄,無,01
屏東縣枋寮鄉第2選舉區,林文央,民主進步黨,01
屏東縣枋寮鄉第2選舉區,王麗絨,民主進步黨,02
屏東縣枋寮鄉第2選舉區,曾評章,無,02
屏東縣枋寮鄉第2選舉區,楊福霖,中國國民黨,02
屏東縣枋寮鄉第3選舉區,蕭海彬,無,01
屏東縣枋寮鄉第3選舉區,鄭永章,中國國民黨,01
屏東縣枋寮鄉第3選舉區,林水華,無,02
屏東縣新園鄉第1選舉區,黃金樹,無,01
屏東縣新園鄉第1選舉區,鄭明純,無,03
屏東縣新園鄉第1選舉區,李正忠,無,04
屏東縣新園鄉第1選舉區,蔡東清,無,05
屏東縣新園鄉第1選舉區,林太平,無,05
屏東縣新園鄉第2選舉區,楊榮屏,無,01
屏東縣新園鄉第2選舉區,盧政宏,無,02
屏東縣新園鄉第2選舉區,蘇能進,無,02
屏東縣新園鄉第2選舉區,許金墻,無,02
屏東縣新園鄉第2選舉區,方西進,無,05
屏東縣新園鄉第3選舉區,郭再春,無,01
屏東縣新園鄉第3選舉區,楊立价,無,02
屏東縣新園鄉第3選舉區,林順煌,無,05
屏東縣新園鄉第4選舉區,謝天下,無,01
屏東縣新園鄉第4選舉區,吳永泉,無,02
屏東縣新園鄉第4選舉區,林吉良,無,02
屏東縣新園鄉第4選舉區,黃和水,無,05
屏東縣新園鄉第4選舉區,吳國鐘,無,05
屏東縣新園鄉第4選舉區,陳明山,無,05
屏東縣崁頂鄉第1選舉區,蔡梅玉,無,02
屏東縣崁頂鄉第1選舉區,蔡啟華,無,02
屏東縣崁頂鄉第1選舉區,蘇美珍,無,02
屏東縣崁頂鄉第1選舉區,莊明守,無,02
屏東縣崁頂鄉第1選舉區,林順義,無,05
屏東縣崁頂鄉第2選舉區,陳毅志,無,02
屏東縣崁頂鄉第2選舉區,陳登在,無,02
屏東縣崁頂鄉第2選舉區,陳仁海,無,02
屏東縣崁頂鄉第2選舉區,王啟賢,無,05
屏東縣崁頂鄉第3選舉區,王錦進,無,01
屏東縣崁頂鄉第3選舉區,劉存妙,無,05
屏東縣崁頂鄉第3選舉區,郭茂良,無,05
屏東縣崁頂鄉第3選舉區,郭建清,無,05
屏東縣崁頂鄉第4選舉區,陳清華,無,01
屏東縣崁頂鄉第4選舉區,羅崑龍,無,02
屏東縣崁頂鄉第4選舉區,紀東得,無,02
屏東縣崁頂鄉第4選舉區,鄧陳素琴,無,02
屏東縣崁頂鄉第4選舉區,黃進財,無,02
屏東縣崁頂鄉第4選舉區,羅金木,無,02
屏東縣崁頂鄉第4選舉區,羅雄裕,無,05
屏東縣林邊鄉第1選舉區,賴志峰,無,01
屏東縣林邊鄉第1選舉區,杜偉屏,無,01
屏東縣林邊鄉第1選舉區,陳春貴,民主進步黨,02
屏東縣林邊鄉第1選舉區,石義德,民主進步黨,02
屏東縣林邊鄉第1選舉區,吳冬白,無,03
屏東縣林邊鄉第1選舉區,黃李娘,無,03
屏東縣林邊鄉第1選舉區,謝明鐘,無,03
屏東縣林邊鄉第1選舉區,林束幸,民主進步黨,03
屏東縣林邊鄉第2選舉區,蘇一雄,民主進步黨,02
屏東縣林邊鄉第2選舉區,陳順豐,無,03
屏東縣林邊鄉第2選舉區,鍾慎,無,03
屏東縣林邊鄉第2選舉區,劉佐生,無,05
屏東縣林邊鄉第2選舉區,鄭瑞華,無,05
屏東縣林邊鄉第3選舉區,鄭文彬,無,02
屏東縣林邊鄉第3選舉區,阮百靈,無,02
屏東縣林邊鄉第3選舉區,阮茂益,無,05
屏東縣南州鄉第1選舉區,馬慎襄,無,01
屏東縣南州鄉第1選舉區,戴曉萍,無,02
屏東縣南州鄉第1選舉區,陳亮輝,無,03
屏東縣南州鄉第1選舉區,黃文超,無,03
屏東縣南州鄉第1選舉區,劉美吟,無,03
屏東縣南州鄉第1選舉區,許王婦櫻,無,03
屏東縣南州鄉第1選舉區,陳榮郎,無,05
屏東縣南州鄉第1選舉區,周聖諭,無,05
屏東縣南州鄉第2選舉區,江素娥,無,03
屏東縣南州鄉第2選舉區,謝良松,無,03
屏東縣南州鄉第2選舉區,吳永基,無,05
屏東縣南州鄉第3選舉區,潘林素月,無,01
屏東縣南州鄉第3選舉區,林明達,無,02
屏東縣南州鄉第3選舉區,鄧朝林,無,02
屏東縣南州鄉第3選舉區,林逢宜,無,03
屏東縣南州鄉第4選舉區,黃登凱,無,02
屏東縣南州鄉第4選舉區,林立,無,02
屏東縣南州鄉第4選舉區,倪新福,無,03
屏東縣佳冬鄉第1選舉區,賴金昇,民主進步黨,01
屏東縣佳冬鄉第1選舉區,陳桂美,無,02
屏東縣佳冬鄉第1選舉區,羅仁宏,無,02
屏東縣佳冬鄉第1選舉區,張菊蓮,民主進步黨,02
屏東縣佳冬鄉第2選舉區,董金廷,民主進步黨,02
屏東縣佳冬鄉第2選舉區,王家正,民主進步黨,02
屏東縣佳冬鄉第2選舉區,胡平讚,無,02
屏東縣佳冬鄉第3選舉區,葉寬銘,無,01
屏東縣佳冬鄉第3選舉區,賴修貴,民主進步黨,02
屏東縣佳冬鄉第3選舉區,陳雅昆,無,02
屏東縣佳冬鄉第3選舉區,林秋谷,無,05
屏東縣佳冬鄉第4選舉區,周聯芳,民主進步黨,01
屏東縣佳冬鄉第4選舉區,李榮瑞,無,05
屏東縣琉球鄉第1選舉區,林榮家,無,01
屏東縣琉球鄉第1選舉區,李慶裕,無,02
屏東縣琉球鄉第1選舉區,蔡家印,無,05
屏東縣琉球鄉第1選舉區,洪明振,無,05
屏東縣琉球鄉第1選舉區,蔡昌晉,無,05
屏東縣琉球鄉第2選舉區,洪良輝,無,01
屏東縣琉球鄉第2選舉區,陳慶豐,無,03
屏東縣琉球鄉第2選舉區,陳武君,無,04
屏東縣琉球鄉第2選舉區,蔡坤山,無,05
屏東縣琉球鄉第3選舉區,陳坤木,無,02
屏東縣琉球鄉第3選舉區,陳智雄,無,05
屏東縣琉球鄉第3選舉區,陳國興,無,05
屏東縣琉球鄉第4選舉區,林一郎,無,02
屏東縣琉球鄉第4選舉區,林明義,無,03
屏東縣琉球鄉第4選舉區,許允良,無,05
屏東縣琉球鄉第4選舉區,洪文良,無,05
屏東縣車城鄉第1選舉區,白登科,無,02
屏東縣車城鄉第1選舉區,林光隆,無,02
屏東縣車城鄉第2選舉區,林豐祥,無,01
屏東縣車城鄉第2選舉區,尤利智,無,01
屏東縣車城鄉第2選舉區,董松山,無,02
屏東縣車城鄉第2選舉區,廖文哲,無,03
屏東縣車城鄉第2選舉區,林勝揚,無,04
屏東縣車城鄉第2選舉區,王英傑,無,05
屏東縣車城鄉第3選舉區,陳政雄,無,05
屏東縣車城鄉第3選舉區,賴傳興,無,05
屏東縣車城鄉第4選舉區,張吉杉,無,02
屏東縣車城鄉第4選舉區,蘇伯文,無,02
屏東縣車城鄉第4選舉區,陳水木,無,05
屏東縣車城鄉第4選舉區,林金池,無,05
屏東縣滿州鄉第1選舉區,古步青,無,02
屏東縣滿州鄉第1選舉區,陳榮華,無,02
屏東縣滿州鄉第1選舉區,陳金塗,無,05
屏東縣滿州鄉第2選舉區,朱坤山,無,01
屏東縣滿州鄉第2選舉區,洪勝榮,無,01
屏東縣滿州鄉第2選舉區,鍾振文,無,02
屏東縣滿州鄉第2選舉區,莊期文,無,04
屏東縣滿州鄉第3選舉區,王彩華,無,02
屏東縣滿州鄉第3選舉區,徐振章,無,02
屏東縣滿州鄉第3選舉區,張穎芳,中國國民黨,03
屏東縣滿州鄉第3選舉區,黃盛賢,無,05
屏東縣滿州鄉第4選舉區,潘義輝,無,01
屏東縣枋山鄉第1選舉區,羅金良,無,01
屏東縣枋山鄉第2選舉區,陳德昌,無,02
屏東縣枋山鄉第2選舉區,陳三正,無,02
屏東縣枋山鄉第2選舉區,郭坤山,無,03
屏東縣枋山鄉第2選舉區,謝潘翠琴,無,05
屏東縣枋山鄉第3選舉區,尤正三,無,02
屏東縣枋山鄉第3選舉區,黃衡隆,無,03
屏東縣枋山鄉第3選舉區,陳恒輝,無,03
屏東縣枋山鄉第3選舉區,林智惠,無,05
屏東縣枋山鄉第3選舉區,林種徳,無,05
屏東縣枋山鄉第3選舉區,許典洲,無,05
屏東縣三地門鄉第1選舉區,勒格艾巴瓦瓦隆,無,01
屏東縣三地門鄉第1選舉區,歸明義,中國國民黨,01
屏東縣三地門鄉第1選舉區,陳忠雄,中國國民黨,01
屏東縣三地門鄉第1選舉區,林德如,無,02
屏東縣三地門鄉第1選舉區,許瑞珠,無,02
屏東縣三地門鄉第1選舉區,包秋香,無,05
屏東縣三地門鄉第2選舉區,李新光,中國國民黨,01
屏東縣三地門鄉第2選舉區,江哲元,中國國民黨,01
屏東縣三地門鄉第2選舉區,阿茹娃伊盧拉嘎旦呢,無,02
屏東縣三地門鄉第2選舉區,鍾富來,無,02
屏東縣三地門鄉第2選舉區,陳鋒峰,無,02
屏東縣三地門鄉第2選舉區,張利惠,無,02
屏東縣三地門鄉第2選舉區,江金妹,無,04
屏東縣霧臺鄉第1選舉區,杜勇賢,無,02
屏東縣霧臺鄉第1選舉區,柯秋美,無,03
屏東縣霧臺鄉第1選舉區,賴天賜,無,03
屏東縣霧臺鄉第1選舉區,柯淑華,無,03
屏東縣霧臺鄉第1選舉區,包明堂,無,05
屏東縣霧臺鄉第1選舉區,杜仁勇,無,05
屏東縣霧臺鄉第2選舉區,柯信雄,無,01
屏東縣霧臺鄉第2選舉區,柯海燕,中國國民黨,03
屏東縣霧臺鄉第2選舉區,陳再輝,無,04
屏東縣霧臺鄉第2選舉區,李金龍Ngedrelre．•Druluan,無,04
屏東縣瑪家鄉第1選舉區,彭玉珍,中國國民黨,01
屏東縣瑪家鄉第1選舉區,陳榮郎,無,01
屏東縣瑪家鄉第1選舉區,胡青娥,無,02
屏東縣瑪家鄉第1選舉區,徐惠娟,中國國民黨,02
屏東縣瑪家鄉第1選舉區,柯春男,中國國民黨,02
屏東縣瑪家鄉第1選舉區,杜文來,無,03
屏東縣瑪家鄉第1選舉區,林太忠,無,05
屏東縣瑪家鄉第1選舉區,林永彬,無,05
屏東縣瑪家鄉第2選舉區,胡武森,無,01
屏東縣瑪家鄉第2選舉區,簡明光,無,01
屏東縣瑪家鄉第2選舉區,李麗花,中國國民黨,02
屏東縣瑪家鄉第2選舉區,柳信忠,無,02
屏東縣瑪家鄉第2選舉區,陳國虎,中國國民黨,03
屏東縣瑪家鄉第2選舉區,柯進國Davurs‧Vaviungan,無,05
屏東縣瑪家鄉第2選舉區,林秀吉,無,05
屏東縣泰武鄉第1選舉區,孫光照,無,03
屏東縣泰武鄉第1選舉區,劉金山,無,03
屏東縣泰武鄉第1選舉區,何梅君Zepulj.Kadrangiya•n,無,04
屏東縣泰武鄉第1選舉區,華李立民,無,04
屏東縣泰武鄉第1選舉區,朱邑晉Tjanubak.Tjudjali•mav,無,05
屏東縣泰武鄉第1選舉區,潘明山,無,05
屏東縣泰武鄉第2選舉區,魏榮貴Tjivuluan.Tulalja•ng,無,02
屏東縣泰武鄉第2選舉區,謝光輝,無,02
屏東縣泰武鄉第2選舉區,戴曉慧Ljumasan.Tuquljin•git,無,03
屏東縣泰武鄉第2選舉區,阮惠珍Muni.Mavaliv,無,03
屏東縣泰武鄉第2選舉區,陳金生,無,05
屏東縣來義鄉第1選舉區,李讚貴,無,01
屏東縣來義鄉第1選舉區,戴乾倫,無,02
屏東縣來義鄉第1選舉區,許蘭花,中國國民黨,02
屏東縣來義鄉第1選舉區,張達敏,無,03
屏東縣來義鄉第1選舉區,柳順慶,中國國民黨,05
屏東縣來義鄉第2選舉區,莊景星,中國國民黨,02
屏東縣來義鄉第2選舉區,鍾必顯,中國國民黨,02
屏東縣來義鄉第2選舉區,王清春,中國國民黨,03
屏東縣春日鄉第1選舉區,程玉書,無,01
屏東縣春日鄉第1選舉區,張志偉,無,01
屏東縣春日鄉第1選舉區,尤仕成,無,03
屏東縣春日鄉第1選舉區,尤何秀珠,無,03
屏東縣春日鄉第1選舉區,伍錦標,無,05
屏東縣春日鄉第2選舉區,周陳文彬,無,02
屏東縣春日鄉第2選舉區,呂秀蘭,中國國民黨,02
屏東縣春日鄉第2選舉區,黃連Sauniyaw•Ruveljeng,中國國民黨,02
屏東縣春日鄉第2選舉區,宋文聖,中國國民黨,03
屏東縣獅子鄉第1選舉區,杜聰明,無,01
屏東縣獅子鄉第1選舉區,柳宏忠,無,01
屏東縣獅子鄉第1選舉區,韋忠貞,無,02
屏東縣獅子鄉第1選舉區,盧正宗,無,02
屏東縣獅子鄉第1選舉區,呂義,無,03
屏東縣獅子鄉第1選舉區,阮嬪,無,03
屏東縣獅子鄉第1選舉區,黃春英,無,03
屏東縣獅子鄉第2選舉區,朱文華,無,01
屏東縣獅子鄉第2選舉區,趙福德,無,02
屏東縣獅子鄉第2選舉區,林進丁Uliu‧Ruperup,中國國民黨,03
屏東縣獅子鄉第2選舉區,朱宗仁Piya•Saliljan,中國國民黨,05
屏東縣牡丹鄉第1選舉區,潘壯志,無,02
屏東縣牡丹鄉第1選舉區,許瑪莉,無,02
屏東縣牡丹鄉第1選舉區,陳志憲,無,02
屏東縣牡丹鄉第1選舉區,吳榮吉,無,02
屏東縣牡丹鄉第1選舉區,尤秀貞,無,03
屏東縣牡丹鄉第1選舉區,詹德行,無,05
屏東縣牡丹鄉第1選舉區,詹秀珠,無,05
屏東縣牡丹鄉第1選舉區,陳金池,無,05
屏東縣牡丹鄉第1選舉區,江金水,無,05
屏東縣牡丹鄉第1選舉區,邵智美,無,05
屏東縣牡丹鄉第2選舉區,蔡天成,無,01
屏東縣牡丹鄉第2選舉區,謝進貴,無,02
屏東縣牡丹鄉第2選舉區,余進祥,無,05
屏東縣牡丹鄉第2選舉區,許金吉,無,05
宜蘭縣宜蘭市第1選舉區,郭燈和,中國國民黨,01
宜蘭縣宜蘭市第1選舉區,陳美玲,中國國民黨,02
宜蘭縣宜蘭市第1選舉區,張榮輝,無,02
宜蘭縣宜蘭市第1選舉區,林麗,無,02
宜蘭縣宜蘭市第1選舉區,莊秋亮,無,02
宜蘭縣宜蘭市第1選舉區,游國良,民主進步黨,05
宜蘭縣宜蘭市第1選舉區,陳煌治,無,05
宜蘭縣宜蘭市第2選舉區,林飛身,中國國民黨,01
宜蘭縣宜蘭市第2選舉區,吳建基,無,02
宜蘭縣宜蘭市第2選舉區,余溪明,民主進步黨,02
宜蘭縣宜蘭市第3選舉區,王阿水,無,02
宜蘭縣宜蘭市第3選舉區,唐璟誼,民主進步黨,02
宜蘭縣宜蘭市第3選舉區,林柏男,無,02
宜蘭縣宜蘭市第3選舉區,鄭吳阿霞,中國國民黨,02
宜蘭縣宜蘭市第3選舉區,李孟潔,無,05
宜蘭縣宜蘭市第4選舉區,陳明鍾,中國國民黨,01
宜蘭縣宜蘭市第4選舉區,林智勇,無,01
宜蘭縣宜蘭市第4選舉區,何光榮,無,02
宜蘭縣宜蘭市第4選舉區,林泳和,民主進步黨,02
宜蘭縣宜蘭市第4選舉區,康思源,無,05
宜蘭縣羅東鎮第1選舉區,黃泰坤,中國國民黨,02
宜蘭縣羅東鎮第1選舉區,李錫欽,民主進步黨,04
宜蘭縣羅東鎮第2選舉區,何建東,中國國民黨,02
宜蘭縣羅東鎮第2選舉區,游德全,中國國民黨,02
宜蘭縣羅東鎮第2選舉區,林聰文,無,03
宜蘭縣羅東鎮第2選舉區,賴雲木,民主進步黨,03
宜蘭縣羅東鎮第3選舉區,呂惠卿,民主進步黨,02
宜蘭縣羅東鎮第3選舉區,陳世揚,無,02
宜蘭縣羅東鎮第3選舉區,張榮華,無,02
宜蘭縣羅東鎮第3選舉區,賴秀鑾,民主進步黨,02
宜蘭縣羅東鎮第3選舉區,謝家倫,民主進步黨,02
宜蘭縣羅東鎮第3選舉區,陳順益,中國國民黨,05
宜蘭縣羅東鎮第3選舉區,陳司衡,民主進步黨,05
宜蘭縣羅東鎮第3選舉區,莊漢源,中國國民黨,05
宜蘭縣羅東鎮第4選舉區,林美滿,民主進步黨,01
宜蘭縣羅東鎮第4選舉區,劉承賓,中國國民黨,02
宜蘭縣羅東鎮第4選舉區,李錫参,民主進步黨,02
宜蘭縣羅東鎮第4選舉區,黃玉琴,中國國民黨,02
宜蘭縣羅東鎮第4選舉區,許俊仁,民主進步黨,02
宜蘭縣羅東鎮第4選舉區,楊振益,無,05
宜蘭縣蘇澳鎮第1選舉區,張竣喨,無,05
宜蘭縣蘇澳鎮第1選舉區,吳慶賢,無,05
宜蘭縣蘇澳鎮第2選舉區,洪秀璪,中國國民黨,01
宜蘭縣蘇澳鎮第2選舉區,李茂豐,無,01
宜蘭縣蘇澳鎮第2選舉區,曾太山,無,05
宜蘭縣蘇澳鎮第3選舉區,黃琇蓉,無,02
宜蘭縣蘇澳鎮第3選舉區,陳錦添,民主進步黨,02
宜蘭縣蘇澳鎮第3選舉區,黃漢宗,中國國民黨,02
宜蘭縣蘇澳鎮第3選舉區,張正義,中國國民黨,02
宜蘭縣蘇澳鎮第3選舉區,陳萬仁,無,04
宜蘭縣蘇澳鎮第3選舉區,林中亮,民主進步黨,05
宜蘭縣蘇澳鎮第3選舉區,張美皇,無,05
宜蘭縣蘇澳鎮第4選舉區,吳淑貞,民主進步黨,02
宜蘭縣蘇澳鎮第4選舉區,陳志明,民主進步黨,02
宜蘭縣蘇澳鎮第4選舉區,王明義,無,02
宜蘭縣蘇澳鎮第4選舉區,陳映蓉,無,02
宜蘭縣蘇澳鎮第4選舉區,林森豪,無,02
宜蘭縣頭城鎮第1選舉區,林張秀娥,無,05
宜蘭縣頭城鎮第1選舉區,林樂賜,中國國民黨,05
宜蘭縣頭城鎮第1選舉區,林錦梅,無,05
宜蘭縣頭城鎮第1選舉區,林坤樹,無,05
宜蘭縣頭城鎮第2選舉區,柳萬順,中國國民黨,01
宜蘭縣頭城鎮第2選舉區,甘錫賢,無,02
宜蘭縣頭城鎮第2選舉區,曾錫章,民主進步黨,02
宜蘭縣頭城鎮第2選舉區,蔡財丁,無,02
宜蘭縣頭城鎮第3選舉區,游錫財,無,02
宜蘭縣頭城鎮第3選舉區,賴良洲,中國國民黨,02
宜蘭縣頭城鎮第3選舉區,林連生,無,02
宜蘭縣頭城鎮第4選舉區,尤瑞傑,無,01
宜蘭縣頭城鎮第4選舉區,簡英俊,民主進步黨,01
宜蘭縣頭城鎮第4選舉區,陳宥豪,無,05
宜蘭縣礁溪鄉第1選舉區,游見璋,中國國民黨,01
宜蘭縣礁溪鄉第1選舉區,張永德,中國國民黨,02
宜蘭縣礁溪鄉第1選舉區,張素雲,中國國民黨,02
宜蘭縣礁溪鄉第1選舉區,藍信惠,無,02
宜蘭縣礁溪鄉第1選舉區,吳朝煌,無,05
宜蘭縣礁溪鄉第1選舉區,林金朝,無,05
宜蘭縣礁溪鄉第2選舉區,林森枝,無,02
宜蘭縣礁溪鄉第2選舉區,吳日隆,中國國民黨,02
宜蘭縣礁溪鄉第2選舉區,吳俊連,無,05
宜蘭縣礁溪鄉第2選舉區,賴惠敏,無,05
宜蘭縣礁溪鄉第3選舉區,游印壽,民主進步黨,02
宜蘭縣礁溪鄉第3選舉區,簡阿忠,中國國民黨,02
宜蘭縣礁溪鄉第3選舉區,游三郎,無,05
宜蘭縣礁溪鄉第4選舉區,吳秋玟,民主進步黨,02
宜蘭縣礁溪鄉第4選舉區,莊漢銘,中國國民黨,02
宜蘭縣礁溪鄉第4選舉區,李朝棟,無,02
宜蘭縣礁溪鄉第4選舉區,李竹村,無,05
宜蘭縣礁溪鄉第4選舉區,吳昌喜,無,05
宜蘭縣壯圍鄉第1選舉區,黃金海,民主進步黨,01
宜蘭縣壯圍鄉第1選舉區,陳木坤,無,02
宜蘭縣壯圍鄉第1選舉區,張錫鏞,無,02
宜蘭縣壯圍鄉第1選舉區,王明,中國國民黨,05
宜蘭縣壯圍鄉第2選舉區,劉永城,無,01
宜蘭縣壯圍鄉第2選舉區,林萬固,無,02
宜蘭縣壯圍鄉第2選舉區,林忠孝,無,02
宜蘭縣壯圍鄉第2選舉區,林立賢,無,02
宜蘭縣壯圍鄉第2選舉區,林榮華,民主進步黨,05
宜蘭縣壯圍鄉第3選舉區,詹旺彬,無,02
宜蘭縣壯圍鄉第3選舉區,林進凱,無,03
宜蘭縣壯圍鄉第3選舉區,游正欽,民主進步黨,05
宜蘭縣壯圍鄉第4選舉區,林國棟,無,01
宜蘭縣壯圍鄉第4選舉區,吳旺水,無,02
宜蘭縣壯圍鄉第4選舉區,林听洲,無,02
宜蘭縣壯圍鄉第4選舉區,游正忠,無,05
宜蘭縣壯圍鄉第4選舉區,吳慶賜,無,05
宜蘭縣員山鄉第1選舉區,劉燦輝,中國國民黨,01
宜蘭縣員山鄉第1選舉區,楊金來,民主進步黨,02
宜蘭縣員山鄉第1選舉區,陳俊,中國國民黨,02
宜蘭縣員山鄉第1選舉區,游寶玉,無,02
宜蘭縣員山鄉第1選舉區,藍萬義,民主進步黨,02
宜蘭縣員山鄉第1選舉區,楊金旺,無,02
宜蘭縣員山鄉第1選舉區,游五郎,無,02
宜蘭縣員山鄉第1選舉區,鄭春美,無,02
宜蘭縣員山鄉第2選舉區,吳嘉惠,無,01
宜蘭縣員山鄉第2選舉區,謝萬得,中國國民黨,02
宜蘭縣員山鄉第2選舉區,曾繁文,民主進步黨,02
宜蘭縣員山鄉第2選舉區,張基煌,無,05
宜蘭縣員山鄉第3選舉區,李正銘,無,01
宜蘭縣員山鄉第3選舉區,陳蒼穎,中國國民黨,02
宜蘭縣員山鄉第3選舉區,曾再忠,無,02
宜蘭縣員山鄉第3選舉區,李文熙,中國國民黨,02
宜蘭縣員山鄉第3選舉區,許芳明,民主進步黨,02
宜蘭縣員山鄉第4選舉區,張宜樺,無,02
宜蘭縣員山鄉第4選舉區,李漢洲,無,02
宜蘭縣員山鄉第4選舉區,黃能財,無,02
宜蘭縣員山鄉第4選舉區,江文亮,無,05
宜蘭縣冬山鄉第1選舉區,李清祈,中國國民黨,01
宜蘭縣冬山鄉第1選舉區,黃強呈,無,02
宜蘭縣冬山鄉第1選舉區,許美素,無,02
宜蘭縣冬山鄉第1選舉區,黃萬金,無,05
宜蘭縣冬山鄉第1選舉區,游閔吉,民主進步黨,05
宜蘭縣冬山鄉第2選舉區,江益源,中國國民黨,02
宜蘭縣冬山鄉第2選舉區,楊弘旻,中國國民黨,02
宜蘭縣冬山鄉第2選舉區,林振棋,民主進步黨,03
宜蘭縣冬山鄉第2選舉區,李正煌,民主進步黨,05
宜蘭縣冬山鄉第3選舉區,楊弘仲,中國國民黨,02
宜蘭縣冬山鄉第3選舉區,李木田,無,02
宜蘭縣冬山鄉第3選舉區,林俊甫,民主進步黨,04
宜蘭縣冬山鄉第4選舉區,陳鏗芳,民主進步黨,01
宜蘭縣冬山鄉第4選舉區,陳光隆,中國國民黨,02
宜蘭縣冬山鄉第4選舉區,游智慧,中國國民黨,02
宜蘭縣五結鄉第1選舉區,沈信雄,民主進步黨,02
宜蘭縣五結鄉第1選舉區,鄒春龍,民主進步黨,02
宜蘭縣五結鄉第1選舉區,陳長泉,無,05
宜蘭縣五結鄉第1選舉區,羅淑惠,無,05
宜蘭縣五結鄉第2選舉區,簡石木,無,01
宜蘭縣五結鄉第2選舉區,簡宏奇,中國國民黨,02
宜蘭縣五結鄉第2選舉區,廖啟賢,民主進步黨,02
宜蘭縣五結鄉第3選舉區,陳奕穎,無,01
宜蘭縣五結鄉第3選舉區,陳啟生,民主進步黨,02
宜蘭縣五結鄉第3選舉區,陳正順,無,02
宜蘭縣五結鄉第3選舉區,萬美麗,無,05
宜蘭縣五結鄉第3選舉區,陳林煌,無,05
宜蘭縣五結鄉第4選舉區,黃武助,中國國民黨,01
宜蘭縣五結鄉第4選舉區,黃火東,無,02
宜蘭縣五結鄉第4選舉區,何秀美,無,02
宜蘭縣五結鄉第4選舉區,林裕淵,民主進步黨,05
宜蘭縣五結鄉第4選舉區,吳明吉,無,05
宜蘭縣五結鄉第5選舉區,陳美華,民主進步黨,02
宜蘭縣五結鄉第5選舉區,郭輝陽,中國國民黨,02
宜蘭縣五結鄉第5選舉區,李柏瑨,民主進步黨,05
宜蘭縣三星鄉第1選舉區,謝文通,無,02
宜蘭縣三星鄉第1選舉區,林清風,無,02
宜蘭縣三星鄉第1選舉區,游正義,民主進步黨,02
宜蘭縣三星鄉第1選舉區,宋毅祥,中國國民黨,04
宜蘭縣三星鄉第1選舉區,温慶華,中國國民黨,05
宜蘭縣三星鄉第1選舉區,林璧玉,民主進步黨,05
宜蘭縣三星鄉第2選舉區,江美香,民主進步黨,02
宜蘭縣三星鄉第2選舉區,張榮華,民主進步黨,02
宜蘭縣三星鄉第2選舉區,吳承修,中國國民黨,05
宜蘭縣三星鄉第3選舉區,陳真勇,民主進步黨,02
宜蘭縣三星鄉第3選舉區,曾茂照,無,02
宜蘭縣三星鄉第3選舉區,蘇東啓,中國國民黨,05
宜蘭縣三星鄉第4選舉區,陳世玉,民主進步黨,02
宜蘭縣三星鄉第4選舉區,游國明,民主進步黨,04
宜蘭縣三星鄉第4選舉區,陳文新,無,05
宜蘭縣三星鄉第4選舉區,陳換廷,民主進步黨,05
宜蘭縣大同鄉第1選舉區,馮武雄,中國國民黨,01
宜蘭縣大同鄉第1選舉區,胡炳章,中國國民黨,02
宜蘭縣大同鄉第2選舉區,謝耀寬,無,01
宜蘭縣大同鄉第2選舉區,楊金源,中國國民黨,03
宜蘭縣大同鄉第2選舉區,王進生,中國國民黨,05
宜蘭縣大同鄉第3選舉區,鐘進財,中國國民黨,01
宜蘭縣大同鄉第3選舉區,李培正,無,05
宜蘭縣大同鄉第4選舉區,呂萬福,中國國民黨,02
宜蘭縣大同鄉第4選舉區,何勝立,中國國民黨,03
宜蘭縣大同鄉第4選舉區,潘文雄,無,03
宜蘭縣大同鄉第4選舉區,高萬年,無,05
宜蘭縣南澳鄉第1選舉區,林秋花,無,01
宜蘭縣南澳鄉第1選舉區,高裕仁,中國國民黨,02
宜蘭縣南澳鄉第1選舉區,江添盛,無,02
宜蘭縣南澳鄉第1選舉區,李元亮,中國國民黨,02
宜蘭縣南澳鄉第1選舉區,葉振福,中國國民黨,02
宜蘭縣南澳鄉第1選舉區,吳玉龍,無,03
宜蘭縣南澳鄉第1選舉區,王碧雲,無,05
宜蘭縣南澳鄉第2選舉區,松為山,中國國民黨,01
宜蘭縣南澳鄉第2選舉區,林金助,中國國民黨,02
宜蘭縣南澳鄉第2選舉區,林士帆,中國國民黨,02
宜蘭縣南澳鄉第2選舉區,何育芙,無,05
宜蘭縣南澳鄉第3選舉區,吳長福,中國國民黨,01
宜蘭縣南澳鄉第3選舉區,游約翰,中國國民黨,01
宜蘭縣南澳鄉第3選舉區,韋文輝,中國國民黨,05
宜蘭縣南澳鄉第3選舉區,馮再成,無,05
宜蘭縣南澳鄉第4選舉區,廖俊傑,中國國民黨,01
花蓮縣花蓮市第1選舉區,謝宜萱,中國國民黨,02
花蓮縣花蓮市第1選舉區,蔣邦法,中國國民黨,03
花蓮縣花蓮市第1選舉區,胡晉源,無,05
花蓮縣花蓮市第1選舉區,黃達祥,無,05
花蓮縣花蓮市第1選舉區,董信妹,中國國民黨,05
花蓮縣花蓮市第1選舉區,方平富,中國國民黨,05
花蓮縣花蓮市第2選舉區,楊士弘,中國國民黨,02
花蓮縣花蓮市第3選舉區,許願神,中國國民黨,01
花蓮縣花蓮市第3選舉區,魏嘉彥,中國國民黨,02
花蓮縣花蓮市第3選舉區,江奉宜,中國國民黨,02
花蓮縣花蓮市第3選舉區,范姜幸玲,無,02
花蓮縣花蓮市第3選舉區,胡仁順,民主進步黨,05
花蓮縣花蓮市第3選舉區,簡忠成,中國國民黨,05
花蓮縣花蓮市第3選舉區,洪士閔,無,05
花蓮縣花蓮市第4選舉區,黃瑞文,中國國民黨,02
花蓮縣花蓮市第4選舉區,韓林梅,中國國民黨,02
花蓮縣花蓮市第4選舉區,李振瑋,中國國民黨,02
花蓮縣花蓮市第4選舉區,王火木,中國國民黨,02
花蓮縣花蓮市第4選舉區,魏鈺晟,中國國民黨,02
花蓮縣花蓮市第4選舉區,吳東昇,無,04
花蓮縣花蓮市第4選舉區,傅國淵,民主進步黨,05
花蓮縣花蓮市第4選舉區,蘇美珠,中國國民黨,05
花蓮縣花蓮市第5選舉區,李正文,中國國民黨,01
花蓮縣花蓮市第5選舉區,王乂航,無,01
花蓮縣花蓮市第5選舉區,林明慶,親民黨,01
花蓮縣花蓮市第5選舉區,李光勝,無,02
花蓮縣花蓮市第5選舉區,平島‧部定,中國國民黨,05
花蓮縣鳳林鎮第1選舉區,詹清忠,中國國民黨,02
花蓮縣鳳林鎮第1選舉區,郭岳霖,中國國民黨,02
花蓮縣鳳林鎮第1選舉區,吳徐素美,中國國民黨,02
花蓮縣鳳林鎮第1選舉區,黃靜珠,中國國民黨,02
花蓮縣鳳林鎮第1選舉區,林建平,中國國民黨,02
花蓮縣鳳林鎮第1選舉區,徐登縣,中國國民黨,05
花蓮縣鳳林鎮第1選舉區,石明俊,無,05
花蓮縣鳳林鎮第1選舉區,黃進銓,無,05
花蓮縣鳳林鎮第1選舉區,林鴻志,民主進步黨,05
花蓮縣鳳林鎮第2選舉區,許朝輝,中國國民黨,02
花蓮縣鳳林鎮第2選舉區,馮文光,中國國民黨,05
花蓮縣鳳林鎮第3選舉區,陳宇宏,中國國民黨,02
花蓮縣鳳林鎮第3選舉區,梁駿杰,無,05
花蓮縣鳳林鎮第4選舉區,高進福,無,01
花蓮縣鳳林鎮第4選舉區,劉玉珍,無,02
花蓮縣鳳林鎮第4選舉區,黃新德,中國國民黨,02
花蓮縣鳳林鎮第4選舉區,連金福,無,05
花蓮縣玉里鎮第1選舉區,鄧坤明,無,01
花蓮縣玉里鎮第1選舉區,邱玉林,無,03
花蓮縣玉里鎮第1選舉區,邱顯達,無,04
花蓮縣玉里鎮第1選舉區,呂佳怡,無,05
花蓮縣玉里鎮第1選舉區,張明慧,中國國民黨,05
花蓮縣玉里鎮第1選舉區,鍾素政,中國國民黨,05
花蓮縣玉里鎮第1選舉區,呂理忠,無,05
花蓮縣玉里鎮第1選舉區,李敏聰,中國國民黨,05
花蓮縣玉里鎮第2選舉區,俞玉華,無,02
花蓮縣玉里鎮第3選舉區,許進德,無,01
花蓮縣玉里鎮第3選舉區,林彩英,中國國民黨,02
花蓮縣玉里鎮第4選舉區,陳慶安,中國國民黨,05
花蓮縣玉里鎮第4選舉區,葉微琪,無,05
花蓮縣玉里鎮第4選舉區,楊敏雄,無,05
花蓮縣玉里鎮第4選舉區,秀吉˙撒夫洛,中國國民黨,05
花蓮縣新城鄉第1選舉區,邱光明,中國國民黨,02
花蓮縣新城鄉第1選舉區,陳金龍,無,05
花蓮縣新城鄉第2選舉區,鄭瑞榮,無,02
花蓮縣新城鄉第2選舉區,鄭寶秀,中國國民黨,02
花蓮縣新城鄉第2選舉區,陳秀玲,中國國民黨,02
花蓮縣新城鄉第2選舉區,郭彩寶,中國國民黨,03
花蓮縣新城鄉第2選舉區,鄧可平,無,03
花蓮縣新城鄉第2選舉區,林國賢,無,05
花蓮縣新城鄉第3選舉區,游象蓁,無,02
花蓮縣新城鄉第3選舉區,梁玉華,中國國民黨,02
花蓮縣新城鄉第3選舉區,李秋男,中國國民黨,02
花蓮縣新城鄉第3選舉區,張明忠,中國國民黨,05
花蓮縣新城鄉第3選舉區,兵壽旗,中國國民黨,05
花蓮縣新城鄉第3選舉區,張美華,無,05
花蓮縣新城鄉第4選舉區,張金生,中國國民黨,02
花蓮縣新城鄉第4選舉區,葛秋夫,中國國民黨,05
花蓮縣新城鄉第4選舉區,田金峰,中國國民黨,05
花蓮縣吉安鄉第1選舉區,林宗達,中國國民黨,02
花蓮縣吉安鄉第1選舉區,張文聰,中國國民黨,02
花蓮縣吉安鄉第1選舉區,黃志源,中國國民黨,02
花蓮縣吉安鄉第1選舉區,劉靜文,中國國民黨,02
花蓮縣吉安鄉第1選舉區,黃登科,民主進步黨,02
花蓮縣吉安鄉第1選舉區,蘇文將,民主進步黨,05
花蓮縣吉安鄉第2選舉區,徐三郎,無,01
花蓮縣吉安鄉第2選舉區,黃部聽,民主進步黨,02
花蓮縣吉安鄉第2選舉區,黃金發,中國國民黨,02
花蓮縣吉安鄉第2選舉區,高德安,中國國民黨,03
花蓮縣吉安鄉第2選舉區,邱丁松,中國國民黨,04
花蓮縣吉安鄉第2選舉區,王淑娟,人民民主陣線,05
花蓮縣吉安鄉第2選舉區,曾聰彬,無,05
花蓮縣吉安鄉第3選舉區,徐德文,中國國民黨,02
花蓮縣吉安鄉第3選舉區,彭建華,中國國民黨,02
花蓮縣吉安鄉第3選舉區,林源富,無,02
花蓮縣吉安鄉第3選舉區,邱美雲,中國國民黨,02
花蓮縣吉安鄉第3選舉區,陳棟樑,無,05
花蓮縣吉安鄉第4選舉區,周駿宥,中國國民黨,01
花蓮縣吉安鄉第4選舉區,陳進德,中國國民黨,02
花蓮縣壽豐鄉第1選舉區,邱美淑,無,01
花蓮縣壽豐鄉第1選舉區,鄭美香,中國國民黨,01
花蓮縣壽豐鄉第1選舉區,塗寶貴,中國國民黨,01
花蓮縣壽豐鄉第1選舉區,黃水龍,中國國民黨,02
花蓮縣壽豐鄉第1選舉區,謝如哲,無,03
花蓮縣壽豐鄉第1選舉區,許凱彬,無,05
花蓮縣壽豐鄉第2選舉區,張仁俊,無,02
花蓮縣壽豐鄉第2選舉區,李錦福,中國國民黨,02
花蓮縣壽豐鄉第2選舉區,周欽南,無,05
花蓮縣壽豐鄉第2選舉區,林啟明,無,05
花蓮縣壽豐鄉第3選舉區,林瑞國,中國國民黨,01
花蓮縣壽豐鄉第3選舉區,張旗福,中國國民黨,03
花蓮縣壽豐鄉第4選舉區,馬其山,無,01
花蓮縣壽豐鄉第4選舉區,林勝智,中國國民黨,02
花蓮縣壽豐鄉第4選舉區,林晨延,中國國民黨,02
花蓮縣壽豐鄉第4選舉區,許天榮,中國國民黨,03
花蓮縣壽豐鄉第4選舉區,楊玉蓮,無,05
花蓮縣壽豐鄉第4選舉區,張玉妹,無,05
花蓮縣壽豐鄉第4選舉區,古新松,無,05
花蓮縣壽豐鄉第4選舉區,吳國民,無,05
花蓮縣光復鄉第1選舉區,廖翊鈞,無,02
花蓮縣光復鄉第1選舉區,曾悅莓,中國國民黨,02
花蓮縣光復鄉第1選舉區,鄭桂鐘,無,02
花蓮縣光復鄉第1選舉區,林淑清,中國國民黨,05
花蓮縣光復鄉第1選舉區,謝絜羽,無,05
花蓮縣光復鄉第1選舉區,鍾瑊,中國國民黨,05
花蓮縣光復鄉第1選舉區,李美瑩,中國國民黨,05
花蓮縣光復鄉第2選舉區,鍾玉清,中國國民黨,05
花蓮縣光復鄉第2選舉區,鍾蔚諮,中國國民黨,05
花蓮縣光復鄉第2選舉區,彭康壽,無,05
花蓮縣光復鄉第3選舉區,黃賢治,無,01
花蓮縣光復鄉第3選舉區,吳榮豊,中國國民黨,02
花蓮縣光復鄉第3選舉區,蔡智輝,無,02
花蓮縣光復鄉第3選舉區,鄭萬正,中國國民黨,02
花蓮縣光復鄉第3選舉區,楊榮川,中國國民黨,05
花蓮縣光復鄉第4選舉區,楊天明,無,02
花蓮縣光復鄉第4選舉區,吳輝明,中國國民黨,03
花蓮縣光復鄉第4選舉區,楊秀梅,中國國民黨,05
花蓮縣光復鄉第4選舉區,林金城,中國國民黨,05
花蓮縣豐濱鄉第1選舉區,古方新,中國國民黨,05
花蓮縣豐濱鄉第1選舉區,林長榮,中國國民黨,05
花蓮縣豐濱鄉第2選舉區,陳天高,中國國民黨,02
花蓮縣豐濱鄉第2選舉區,吳素英,無,05
花蓮縣豐濱鄉第2選舉區,嘎助.馬庫兒,中國國民黨,05
花蓮縣豐濱鄉第2選舉區,司玉花,中國國民黨,05
花蓮縣豐濱鄉第2選舉區,曾聰明,中國國民黨,05
花蓮縣豐濱鄉第2選舉區,曾金水,中國國民黨,05
花蓮縣豐濱鄉第2選舉區,邱福順,中國國民黨,05
花蓮縣豐濱鄉第2選舉區,林俊榮,無,05
花蓮縣瑞穗鄉第1選舉區,吳聲松,民主進步黨,01
花蓮縣瑞穗鄉第1選舉區,羅文騰,無,02
花蓮縣瑞穗鄉第1選舉區,黃建華,無,02
花蓮縣瑞穗鄉第1選舉區,陳美玉,無,02
花蓮縣瑞穗鄉第1選舉區,張文揚,無,05
花蓮縣瑞穗鄉第1選舉區,蘇丁財,無,05
花蓮縣瑞穗鄉第1選舉區,陳國政,中國國民黨,05
花蓮縣瑞穗鄉第1選舉區,呂政軒,中國國民黨,05
花蓮縣瑞穗鄉第1選舉區,王麗娥,無,05
花蓮縣瑞穗鄉第1選舉區,林玉梅,無,05
花蓮縣瑞穗鄉第1選舉區,陳廖安,中國國民黨,05
花蓮縣瑞穗鄉第1選舉區,鍾志成,無,05
花蓮縣瑞穗鄉第1選舉區,林禹賢,無,05
花蓮縣瑞穗鄉第1選舉區,陳林雙燕,無,05
花蓮縣瑞穗鄉第2選舉區,鍾湧春,中國國民黨,01
花蓮縣瑞穗鄉第2選舉區,楊錦添,無,05
花蓮縣瑞穗鄉第3選舉區,鍾紫韻,中國國民黨,02
花蓮縣瑞穗鄉第3選舉區,黃忠盛,中國國民黨,02
花蓮縣瑞穗鄉第3選舉區,都承延,無,03
花蓮縣瑞穗鄉第3選舉區,古阿宗,無,03
花蓮縣瑞穗鄉第3選舉區,林英光,中國國民黨,03
花蓮縣瑞穗鄉第3選舉區,哈尼.噶照,無,03
花蓮縣瑞穗鄉第3選舉區,吳偉諍,無,04
花蓮縣瑞穗鄉第3選舉區,許素馨,無,05
花蓮縣瑞穗鄉第3選舉區,黃忠治,中國國民黨,05
花蓮縣瑞穗鄉第3選舉區,林玉芬,無,05
花蓮縣瑞穗鄉第3選舉區,陳秀蘭,無,05
花蓮縣富里鄉第1選舉區,潘武雄,無,02
花蓮縣富里鄉第1選舉區,蘇琦芝,無,02
花蓮縣富里鄉第1選舉區,徐秀枝,無,02
花蓮縣富里鄉第1選舉區,黃正乾,無,03
花蓮縣富里鄉第1選舉區,陳振富,無,05
花蓮縣富里鄉第1選舉區,林玉珠,無,05
花蓮縣富里鄉第2選舉區,簡明色,中國國民黨,02
花蓮縣富里鄉第2選舉區,簡明志,中國國民黨,03
花蓮縣富里鄉第2選舉區,詹金富,中國國民黨,05
花蓮縣富里鄉第2選舉區,何貴香,中國國民黨,05
花蓮縣富里鄉第2選舉區,曾建榮,無,05
花蓮縣富里鄉第2選舉區,杜金模,中國國民黨,05
花蓮縣富里鄉第2選舉區,張玉麗,無,05
花蓮縣富里鄉第3選舉區,陳盛發,無,03
花蓮縣富里鄉第3選舉區,陳美齡,中國國民黨,05
花蓮縣富里鄉第3選舉區,林同助,中國國民黨,05
花蓮縣富里鄉第3選舉區,潘務本,無,05
花蓮縣秀林鄉第1選舉區,賴俊傑,中國國民黨,02
花蓮縣秀林鄉第1選舉區,王金福,中國國民黨,02
花蓮縣秀林鄉第1選舉區,陳孝誠,無,02
花蓮縣秀林鄉第1選舉區,許春蘭,中國國民黨,02
花蓮縣秀林鄉第1選舉區,陳定澧,中國國民黨,02
花蓮縣秀林鄉第1選舉區,鍾華玉,無,04
花蓮縣秀林鄉第1選舉區,郭新勇,無,04
花蓮縣秀林鄉第1選舉區,連美惠,無,05
花蓮縣秀林鄉第2選舉區,巫佳霓,中國國民黨,01
花蓮縣秀林鄉第2選舉區,林智勇,中國國民黨,02
花蓮縣秀林鄉第2選舉區,朱必定,無,02
花蓮縣秀林鄉第2選舉區,林一郎,無,02
花蓮縣秀林鄉第2選舉區,金云湘,中國國民黨,03
花蓮縣秀林鄉第2選舉區,林素美,中國國民黨,04
花蓮縣秀林鄉第2選舉區,徐美智Lituk•Abis,中國國民黨,04
花蓮縣秀林鄉第2選舉區,林萬海,無,05
花蓮縣秀林鄉第2選舉區,金律,無,05
花蓮縣秀林鄉第3選舉區,林日金,無,01
花蓮縣秀林鄉第3選舉區,蔡培火,中國國民黨,02
花蓮縣秀林鄉第3選舉區,池順盛,無,02
花蓮縣秀林鄉第3選舉區,胡孝民,中國國民黨,03
花蓮縣秀林鄉第3選舉區,高義盛,中國國民黨,04
花蓮縣秀林鄉第3選舉區,吳信義,無,04
花蓮縣萬榮鄉第1選舉區,王若翰,中國國民黨,03
花蓮縣萬榮鄉第1選舉區,潘元基,無,03
花蓮縣萬榮鄉第1選舉區,張明賢,無,03
花蓮縣萬榮鄉第1選舉區,陳光明,中國國民黨,05
花蓮縣萬榮鄉第2選舉區,朝東榮,無,01
花蓮縣萬榮鄉第2選舉區,黃蓮玉,無,01
花蓮縣萬榮鄉第2選舉區,鄭金榮,無,03
花蓮縣萬榮鄉第2選舉區,賴淑鶯,中國國民黨,05
花蓮縣萬榮鄉第2選舉區,李金明,中國國民黨,05
花蓮縣萬榮鄉第2選舉區,郭林明楓,中國國民黨,05
花蓮縣萬榮鄉第3選舉區,王金華,中國國民黨,01
花蓮縣萬榮鄉第3選舉區,陳林宗義,無,01
花蓮縣萬榮鄉第3選舉區,馬光榮,無,01
花蓮縣萬榮鄉第3選舉區,古明光,中國國民黨,03
花蓮縣萬榮鄉第3選舉區,宋虹儀,無,05
花蓮縣萬榮鄉第3選舉區,王振益,中國國民黨,05
花蓮縣卓溪鄉第1選舉區,蘇貴妹,中國國民黨,01
花蓮縣卓溪鄉第1選舉區,王碧雪,中國國民黨,01
花蓮縣卓溪鄉第1選舉區,督溪．嗨岱,無,01
花蓮縣卓溪鄉第1選舉區,王敏,中國國民黨,03
花蓮縣卓溪鄉第1選舉區,田東昇,中國國民黨,05
花蓮縣卓溪鄉第1選舉區,妲力禡．拿亥蘇嵐,中國國民黨,05
花蓮縣卓溪鄉第2選舉區,李桂英,中國國民黨,02
花蓮縣卓溪鄉第2選舉區,呂泰成,無,02
花蓮縣卓溪鄉第2選舉區,張秀春,中國國民黨,02
花蓮縣卓溪鄉第2選舉區,潘秋香,中國國民黨,02
花蓮縣卓溪鄉第2選舉區,高小成,中國國民黨,02
花蓮縣卓溪鄉第2選舉區,吳玉蘭,中國國民黨,03
花蓮縣卓溪鄉第2選舉區,石進燕,中國國民黨,05
臺東縣臺東市第1選舉區,林献堯,無,02
臺東縣臺東市第1選舉區,李家銘,無,02
臺東縣臺東市第1選舉區,洪瑞隆,中國國民黨,05
臺東縣臺東市第1選舉區,陳真福,無,05
臺東縣臺東市第1選舉區,吳太平,中國國民黨,05
臺東縣臺東市第2選舉區,鄭廖春美,中國國民黨,02
臺東縣臺東市第2選舉區,陳銘風,中國國民黨,02
臺東縣臺東市第2選舉區,陳貞賢,中國國民黨,04
臺東縣臺東市第2選舉區,賴坤祥,中國國民黨,05
臺東縣臺東市第2選舉區,邱英山,無,05
臺東縣臺東市第2選舉區,胡中南,中國國民黨,05
臺東縣臺東市第2選舉區,林毓晨,無,05
臺東縣臺東市第2選舉區,方信智,無,05
臺東縣臺東市第3選舉區,林威志,無,01
臺東縣臺東市第3選舉區,侯忠順,中國國民黨,02
臺東縣臺東市第3選舉區,陳瀅瑄,無,02
臺東縣臺東市第3選舉區,陳國民,中國國民黨,05
臺東縣臺東市第3選舉區,張品澤,無,05
臺東縣臺東市第3選舉區,陳慶忠,中國國民黨,05
臺東縣臺東市第4選舉區,蔡平華,中國國民黨,02
臺東縣臺東市第4選舉區,林義松,無,02
臺東縣臺東市第4選舉區,謝龍泉,中國國民黨,02
臺東縣臺東市第4選舉區,林忠志,無,05
臺東縣臺東市第5選舉區,賴秀星,無,02
臺東縣臺東市第5選舉區,王福來,中國國民黨,03
臺東縣臺東市第5選舉區,張健三,中國國民黨,05
臺東縣臺東市第5選舉區,陳政宗,無,05
臺東縣成功鎮第1選舉區,李隆榮,無,02
臺東縣成功鎮第1選舉區,歐嘉惠,無,02
臺東縣成功鎮第1選舉區,王東吉,無,02
臺東縣成功鎮第1選舉區,黃清睦,無,02
臺東縣成功鎮第1選舉區,楊瑞華,無,05
臺東縣成功鎮第1選舉區,蘇郁雯,無,05
臺東縣成功鎮第1選舉區,宋興文,無,05
臺東縣成功鎮第1選舉區,吳俊寬,無,05
臺東縣成功鎮第2選舉區,陳秋花,無,02
臺東縣成功鎮第2選舉區,蔡新輝,中國國民黨,02
臺東縣成功鎮第2選舉區,陳振明,中國國民黨,02
臺東縣成功鎮第2選舉區,葉榮福,中國國民黨,02
臺東縣成功鎮第2選舉區,楊秋珍,中國國民黨,02
臺東縣成功鎮第2選舉區,陳幸主,中國國民黨,02
臺東縣成功鎮第2選舉區,楊世光,台灣第一民族黨,05
臺東縣成功鎮第2選舉區,陳明德,無,05
臺東縣成功鎮第2選舉區,胡明發,無,05
臺東縣關山鎮第1選舉區,李偉鈺,中國國民黨,02
臺東縣關山鎮第1選舉區,謝東原,中國國民黨,02
臺東縣關山鎮第1選舉區,林峯源,無,02
臺東縣關山鎮第1選舉區,陳勇成,無,05
臺東縣關山鎮第1選舉區,羅金英,無,05
臺東縣關山鎮第2選舉區,彭東輝,無,02
臺東縣關山鎮第2選舉區,溫昌寶,無,05
臺東縣關山鎮第3選舉區,吳文忠,無,01
臺東縣關山鎮第4選舉區,楊清順,無,01
臺東縣關山鎮第4選舉區,羅章榮,中國國民黨,02
臺東縣卑南鄉第1選舉區,郭文欽,中國國民黨,02
臺東縣卑南鄉第1選舉區,陳鳳英,中國國民黨,02
臺東縣卑南鄉第1選舉區,陳德三,中國國民黨,02
臺東縣卑南鄉第1選舉區,吳昇和,中國國民黨,02
臺東縣卑南鄉第1選舉區,林久良,無,02
臺東縣卑南鄉第1選舉區,馬麗娜,無,04
臺東縣卑南鄉第1選舉區,楊益誠,無,05
臺東縣卑南鄉第1選舉區,郭宗益,中國國民黨,05
臺東縣卑南鄉第2選舉區,廖聰和,無,01
臺東縣卑南鄉第2選舉區,楊招信,無,02
臺東縣卑南鄉第2選舉區,廖忠聖,無,05
臺東縣卑南鄉第3選舉區,陳秀瑛,中國國民黨,01
臺東縣卑南鄉第3選舉區,鄭崗山,中國國民黨,02
臺東縣卑南鄉第3選舉區,李芳媚,中國國民黨,02
臺東縣卑南鄉第3選舉區,田明元,中國國民黨,03
臺東縣卑南鄉第3選舉區,黃學臺,無,05
臺東縣卑南鄉第3選舉區,陳四德,中國國民黨,05
臺東縣鹿野鄉第1選舉區,鄧清欉,無,02
臺東縣鹿野鄉第1選舉區,李維順,無,02
臺東縣鹿野鄉第1選舉區,黃正權,無,05
臺東縣鹿野鄉第1選舉區,郭金飛,中國國民黨,05
臺東縣鹿野鄉第1選舉區,陳建歷,無,05
臺東縣鹿野鄉第2選舉區,黎萬和,中國國民黨,01
臺東縣鹿野鄉第2選舉區,葉建興,無,02
臺東縣鹿野鄉第2選舉區,林金真,中國國民黨,02
臺東縣鹿野鄉第3選舉區,周菊英,中國國民黨,01
臺東縣鹿野鄉第3選舉區,陽勝榮,無,02
臺東縣鹿野鄉第3選舉區,陽志明,中國國民黨,02
臺東縣鹿野鄉第3選舉區,李鴻斌,無,05
臺東縣池上鄉第1選舉區,江鑫貴,無,02
臺東縣池上鄉第1選舉區,林文雄,無,02
臺東縣池上鄉第1選舉區,林金樺,無,03
臺東縣池上鄉第2選舉區,邱煥森,無,01
臺東縣池上鄉第3選舉區,戴文賓,無,02
臺東縣池上鄉第3選舉區,魏其位,無,02
臺東縣池上鄉第4選舉區,陳仁和,中國國民黨,02
臺東縣池上鄉第4選舉區,林阿貴,無,02
臺東縣池上鄉第4選舉區,李三郎,無,05
臺東縣池上鄉第4選舉區,蔡錦祥,中國國民黨,05
臺東縣東河鄉第1選舉區,李文光,中國國民黨,01
臺東縣東河鄉第1選舉區,周燕稜,無,02
臺東縣東河鄉第1選舉區,鄭志昌,中國國民黨,02
臺東縣東河鄉第1選舉區,曾培誠,中國國民黨,02
臺東縣東河鄉第2選舉區,陳光明,中國國民黨,01
臺東縣東河鄉第2選舉區,張瑜,中國國民黨,02
臺東縣東河鄉第2選舉區,陳金勝,中國國民黨,02
臺東縣東河鄉第2選舉區,黃美珠,中國國民黨,02
臺東縣東河鄉第2選舉區,李春成,無,02
臺東縣東河鄉第2選舉區,黃金妹,中國國民黨,02
臺東縣長濱鄉第1選舉區,張順盛,無,01
臺東縣長濱鄉第1選舉區,潘泰宏,無,04
臺東縣長濱鄉第1選舉區,林修正,中國國民黨,05
臺東縣長濱鄉第1選舉區,潘經裕,無,05
臺東縣長濱鄉第1選舉區,梁秀貞,無,05
臺東縣長濱鄉第1選舉區,李健吉,無,05
臺東縣長濱鄉第2選舉區,李光蘭,中國國民黨,02
臺東縣長濱鄉第2選舉區,白金榮,中國國民黨,02
臺東縣長濱鄉第2選舉區,張美英,無,03
臺東縣長濱鄉第2選舉區,林錦顯,無,05
臺東縣長濱鄉第2選舉區,吳國星,無,05
臺東縣長濱鄉第2選舉區,王掙強,中國國民黨,05
臺東縣太麻里鄉第1選舉區,林順益,無,01
臺東縣太麻里鄉第1選舉區,李朝勝,中國國民黨,02
臺東縣太麻里鄉第1選舉區,李進元,無,02
臺東縣太麻里鄉第1選舉區,王永盛,無,03
臺東縣太麻里鄉第1選舉區,林采緹,無,03
臺東縣太麻里鄉第1選舉區,王新榮,無,04
臺東縣太麻里鄉第2選舉區,陳水獅,無,01
臺東縣太麻里鄉第2選舉區,李逢凱,無,01
臺東縣太麻里鄉第2選舉區,李英華,無,01
臺東縣太麻里鄉第2選舉區,雷明聖,無,01
臺東縣太麻里鄉第2選舉區,辛素珠,無,05
臺東縣太麻里鄉第2選舉區,黃森隆,無,05
臺東縣太麻里鄉第3選舉區,江金珠,中國國民黨,02
臺東縣太麻里鄉第3選舉區,林秀芳,中國國民黨,05
臺東縣太麻里鄉第3選舉區,李高明珠,中國國民黨,05
臺東縣太麻里鄉第3選舉區,邱天生,中國國民黨,05
臺東縣太麻里鄉第3選舉區,林志堅,中國國民黨,05
臺東縣太麻里鄉第3選舉區,林秋月,中國國民黨,05
臺東縣大武鄉第1選舉區,鄭義成,無,01
臺東縣大武鄉第1選舉區,黃建賓,無,02
臺東縣大武鄉第1選舉區,王景昌,無,05
臺東縣大武鄉第2選舉區,鍾明俊,無,02
臺東縣大武鄉第2選舉區,黃萬秋,無,04
臺東縣大武鄉第2選舉區,董秋豐,無,04
臺東縣大武鄉第3選舉區,高春花,無,02
臺東縣大武鄉第3選舉區,張金福,無,02
臺東縣大武鄉第3選舉區,蔡宇嫻,無,02
臺東縣大武鄉第3選舉區,王俊明,無,02
臺東縣大武鄉第3選舉區,金勝男,無,03
臺東縣大武鄉第3選舉區,林梅英,中國國民黨,05
臺東縣綠島鄉第1選舉區,林怡朱,中國國民黨,03
臺東縣綠島鄉第1選舉區,蘇俊宏,無,05
臺東縣綠島鄉第1選舉區,林誌鴻,無,05
臺東縣綠島鄉第1選舉區,鄭姵辰,中國國民黨,05
臺東縣綠島鄉第2選舉區,陳志興,無,01
臺東縣綠島鄉第2選舉區,鄭勝華,無,02
臺東縣綠島鄉第2選舉區,陳德輝,中國國民黨,02
臺東縣綠島鄉第2選舉區,何富祥,無,02
臺東縣綠島鄉第3選舉區,田貴寶,中國國民黨,01
臺東縣綠島鄉第3選舉區,田亦生,中國國民黨,02
臺東縣綠島鄉第3選舉區,王姷力,無,02
臺東縣綠島鄉第3選舉區,陳建平,無,05
臺東縣海端鄉第1選舉區,古振英,無,02
臺東縣海端鄉第1選舉區,張榮進,無,02
臺東縣海端鄉第2選舉區,余韋廷,無,01
臺東縣海端鄉第2選舉區,馬賢德,中國國民黨,02
臺東縣海端鄉第2選舉區,王如花,中國國民黨,02
臺東縣海端鄉第2選舉區,余忠學,無,02
臺東縣海端鄉第2選舉區,余政忠,無,03
臺東縣海端鄉第2選舉區,朱香梅,無,03
臺東縣海端鄉第2選舉區,胡金至,中國國民黨,05
臺東縣海端鄉第2選舉區,余幸慧,中國國民黨,05
臺東縣海端鄉第2選舉區,潘嘉禎,無,05
臺東縣海端鄉第3選舉區,邱萬山,無,01
臺東縣海端鄉第3選舉區,胡天國,中國國民黨,02
臺東縣海端鄉第3選舉區,王建雄,中國國民黨,03
臺東縣延平鄉第1選舉區,王榮清,中國國民黨,01
臺東縣延平鄉第1選舉區,白光勝,無,02
臺東縣延平鄉第1選舉區,余秀梅,中國國民黨,02
臺東縣延平鄉第1選舉區,張麗珠,無,04
臺東縣延平鄉第1選舉區,邱朝榮,中國國民黨,05
臺東縣延平鄉第1選舉區,胡月瑛,無,05
臺東縣延平鄉第1選舉區,胡芳妹,中國國民黨,05
臺東縣延平鄉第1選舉區,古志成,無,05
臺東縣延平鄉第1選舉區,王笑玫,無,05
臺東縣延平鄉第2選舉區,邱文俊,中國國民黨,02
臺東縣延平鄉第2選舉區,余照作,中國國民黨,02
臺東縣延平鄉第2選舉區,余康生,中國國民黨,04
臺東縣延平鄉第3選舉區,王武君,中國國民黨,01
臺東縣延平鄉第3選舉區,鄭八郎,中國國民黨,05
臺東縣金峰鄉第1選舉區,林教廣,中國國民黨,01
臺東縣金峰鄉第1選舉區,李正達,無,02
臺東縣金峰鄉第1選舉區,高勤書,中國國民黨,02
臺東縣金峰鄉第1選舉區,王清平,中國國民黨,05
臺東縣金峰鄉第2選舉區,胡昭青,中國國民黨,01
臺東縣金峰鄉第2選舉區,吳朝宗,中國國民黨,01
臺東縣金峰鄉第2選舉區,王心潔,無,02
臺東縣金峰鄉第2選舉區,高新興,中國國民黨,02
臺東縣金峰鄉第3選舉區,張秋明,中國國民黨,02
臺東縣金峰鄉第3選舉區,葉彥祥,無,05
臺東縣達仁鄉第1選舉區,林孟潤,中國國民黨,01
臺東縣達仁鄉第1選舉區,孫國志,無,02
臺東縣達仁鄉第1選舉區,邱慶蘭,中國國民黨,02
臺東縣達仁鄉第1選舉區,林雁醇,無,05
臺東縣達仁鄉第1選舉區,陳逸群,無,05
臺東縣達仁鄉第2選舉區,劉仁宗,中國國民黨,02
臺東縣達仁鄉第2選舉區,高秋玉,無,04
臺東縣達仁鄉第2選舉區,樊永忠,無,05
臺東縣達仁鄉第2選舉區,鄭誠,無,05
臺東縣達仁鄉第3選舉區,丁忠星,中國國民黨,02
臺東縣達仁鄉第3選舉區,邱志偉,無,02
臺東縣達仁鄉第3選舉區,張小雲,無,04
臺東縣達仁鄉第3選舉區,鄭義雄,中國國民黨,05
臺東縣達仁鄉第3選舉區,吳金修,無,05
臺東縣達仁鄉第3選舉區,丁綉育,無,05
臺東縣蘭嶼鄉第1選舉區,謝胡源,中國國民黨,01
臺東縣蘭嶼鄉第1選舉區,鍾金川,無,02
臺東縣蘭嶼鄉第1選舉區,郭惠妹,無,02
臺東縣蘭嶼鄉第1選舉區,陳榮宗,無,02
臺東縣蘭嶼鄉第1選舉區,謝阿生,無,03
臺東縣蘭嶼鄉第1選舉區,沈海峯‧夏門,無,03
臺東縣蘭嶼鄉第1選舉區,周秋進,無,03
臺東縣蘭嶼鄉第1選舉區,周孋珠,無,03
臺東縣蘭嶼鄉第1選舉區,施孝榮,無,03
臺東縣蘭嶼鄉第1選舉區,林正文,無,04
臺東縣蘭嶼鄉第1選舉區,楊順良,無,04
臺東縣蘭嶼鄉第1選舉區,謝永順,無,05
臺東縣蘭嶼鄉第1選舉區,張堂村,無,05
臺東縣蘭嶼鄉第1選舉區,張進發,無,05
臺東縣蘭嶼鄉第1選舉區,施東勇,無,05
臺東縣蘭嶼鄉第1選舉區,張錦商,中國國民黨,05
臺東縣蘭嶼鄉第1選舉區,廖明德,無,05
臺東縣蘭嶼鄉第1選舉區,周勝錦,無,05
臺東縣蘭嶼鄉第1選舉區,施聖傑,無,05
臺東縣蘭嶼鄉第1選舉區,胡文成,無,05
澎湖縣馬公市第1選舉區,冼義哲,無,01
澎湖縣馬公市第1選舉區,陳永和,無,02
澎湖縣馬公市第1選舉區,陳月鳳,無,02
澎湖縣馬公市第2選舉區,蘇育德,民主進步黨,02
澎湖縣馬公市第2選舉區,薛淑娟,無,02
澎湖縣馬公市第2選舉區,衡雅萍,無,02
澎湖縣馬公市第2選舉區,許國政,中國國民黨,03
澎湖縣馬公市第2選舉區,黃旭輝,無,03
澎湖縣馬公市第2選舉區,陳美珠,無,05
澎湖縣馬公市第2選舉區,歐智超,無,05
澎湖縣馬公市第2選舉區,譚蘭芬,無,05
澎湖縣馬公市第2選舉區,葉佳盈,無,05
澎湖縣馬公市第3選舉區,莊仲瑜,無,02
澎湖縣馬公市第3選舉區,林本源,無,02
澎湖縣馬公市第3選舉區,陳天后,無,02
澎湖縣馬公市第3選舉區,呂光宇,無,02
澎湖縣馬公市第3選舉區,歐銀花,無,05
澎湖縣馬公市第3選舉區,李錦香,無,05
澎湖縣馬公市第4選舉區,吳志宏,無,02
澎湖縣馬公市第4選舉區,陳永澎,無,05
澎湖縣湖西鄉第1選舉區,甄開源,無,02
澎湖縣湖西鄉第1選舉區,林振強,無,02
澎湖縣湖西鄉第1選舉區,蔡美玲,無,02
澎湖縣湖西鄉第1選舉區,洪國強,無,02
澎湖縣湖西鄉第2選舉區,曾才發,無,01
澎湖縣湖西鄉第2選舉區,陳世進,無,02
澎湖縣湖西鄉第2選舉區,洪良合,無,05
澎湖縣湖西鄉第3選舉區,李武進,無,02
澎湖縣湖西鄉第3選舉區,陳姸臻,無,02
澎湖縣湖西鄉第3選舉區,鄭素珍,無,02
澎湖縣湖西鄉第3選舉區,許清平,無,02
澎湖縣湖西鄉第3選舉區,呂平清,無,02
澎湖縣白沙鄉第1選舉區,郭汝敏,無,02
澎湖縣白沙鄉第1選舉區,吳正利,無,02
澎湖縣白沙鄉第1選舉區,陳其郁,無,05
澎湖縣白沙鄉第1選舉區,陳凱宏,無,05
澎湖縣白沙鄉第2選舉區,黃宗妙,無,01
澎湖縣白沙鄉第2選舉區,吳良添,無,02
澎湖縣白沙鄉第2選舉區,涂憲鐘,無,05
澎湖縣白沙鄉第2選舉區,宋萬富,無,05
澎湖縣白沙鄉第2選舉區,柯少嵐,無,05
澎湖縣白沙鄉第3選舉區,鄭麗水,無,02
澎湖縣白沙鄉第3選舉區,宋森湖,無,03
澎湖縣白沙鄉第4選舉區,呂福能,無,01
澎湖縣白沙鄉第4選舉區,莊文英,無,01
澎湖縣白沙鄉第4選舉區,魏秋香,無,02
澎湖縣白沙鄉第4選舉區,謝永進,無,05
澎湖縣西嶼鄉第1選舉區,蔡益利,無,01
澎湖縣西嶼鄉第1選舉區,蔡建習,無,02
澎湖縣西嶼鄉第2選舉區,顏長為,無,01
澎湖縣西嶼鄉第2選舉區,陳金女,無,02
澎湖縣西嶼鄉第3選舉區,李仁和,無,01
澎湖縣西嶼鄉第3選舉區,許友峰,無,02
澎湖縣西嶼鄉第3選舉區,洪耀幸,無,05
澎湖縣西嶼鄉第3選舉區,薛有生,無,05
澎湖縣望安鄉第1選舉區,謝南進,中國國民黨,02
澎湖縣望安鄉第1選舉區,陳淑娟,無,02
澎湖縣望安鄉第1選舉區,王志成,無,02
澎湖縣望安鄉第1選舉區,許淑真,無,02
澎湖縣望安鄉第2選舉區,俞寶貴,無,04
澎湖縣望安鄉第2選舉區,曾雅麗,無,05
澎湖縣望安鄉第3選舉區,陳明現,無,02
澎湖縣望安鄉第3選舉區,呂福肯,無,02
澎湖縣望安鄉第3選舉區,陳董金針,中國國民黨,05
澎湖縣七美鄉第1選舉區,邵張慈,無,01
澎湖縣七美鄉第1選舉區,許榮茂,無,01
澎湖縣七美鄉第1選舉區,葉約迫,無,02
澎湖縣七美鄉第2選舉區,葉長茂,無,02
澎湖縣七美鄉第2選舉區,張仁和,中國國民黨,05
澎湖縣七美鄉第2選舉區,呂啟輝,無,05
澎湖縣七美鄉第3選舉區,張明寧,無,01
澎湖縣七美鄉第3選舉區,許明昌,無,02
澎湖縣七美鄉第3選舉區,陳吉富,無,02
澎湖縣七美鄉第3選舉區,夏建成,無,04
金門縣金城鎮第1選舉區,翁根龍,無,01
金門縣金城鎮第1選舉區,李錫瑜,中國國民黨,01
金門縣金城鎮第1選舉區,林金英,中國國民黨,01
金門縣金城鎮第1選舉區,王香蘭,親民黨,02
金門縣金城鎮第1選舉區,許惠玲,無,03
金門縣金城鎮第1選舉區,胡凱宇,中國國民黨,04
金門縣金城鎮第1選舉區,翁沂杰,無,04
金門縣金城鎮第1選舉區,鄭志軍,無,05
金門縣金城鎮第1選舉區,陳天成,中國國民黨,05
金門縣金城鎮第1選舉區,蘇碧浯,無,05
金門縣金城鎮第1選舉區,李玉葉,中國國民黨,05
金門縣金城鎮第1選舉區,倪于媃,中國國民黨,05
金門縣金城鎮第1選舉區,張含麗,中國國民黨,05
金門縣金城鎮第1選舉區,郭永隆,中國國民黨,05
金門縣金城鎮第1選舉區,許淑慧,中國國民黨,05
金門縣金城鎮第1選舉區,許伯玉,無,05
金門縣金沙鎮第1選舉區,陳應超,無,02
金門縣金沙鎮第1選舉區,黃聰成,中國國民黨,02
金門縣金沙鎮第1選舉區,蔡寶愛,中國國民黨,02
金門縣金沙鎮第1選舉區,周水土,中國國民黨,02
金門縣金沙鎮第1選舉區,王秀玉,中國國民黨,02
金門縣金沙鎮第1選舉區,黃漢強,中國國民黨,02
金門縣金沙鎮第1選舉區,蔡連進,無,02
金門縣金沙鎮第1選舉區,黃仁德,中國國民黨,03
金門縣金沙鎮第1選舉區,王石堆,中國國民黨,05
金門縣金沙鎮第1選舉區,吳有家,中國國民黨,05
金門縣金沙鎮第1選舉區,黃奕焮,中國國民黨,05
金門縣金湖鎮第1選舉區,陳水德,無,02
金門縣金湖鎮第1選舉區,關志武,無,02
金門縣金湖鎮第1選舉區,李秀華,中國國民黨,02
金門縣金湖鎮第1選舉區,呂瑞泰,中國國民黨,02
金門縣金湖鎮第1選舉區,蔡乃靖,中國國民黨,02
金門縣金湖鎮第1選舉區,呂世榮,中國國民黨,03
金門縣金湖鎮第1選舉區,陳向鑫,中國國民黨,03
金門縣金湖鎮第1選舉區,楊玉樹,無,05
金門縣金湖鎮第1選舉區,林麗芬,中國國民黨,05
金門縣金湖鎮第1選舉區,洪海水,民主進步黨,05
金門縣金湖鎮第1選舉區,陳忠飛,無,05
金門縣金湖鎮第1選舉區,謝鴻儒,中國國民黨,05
金門縣金湖鎮第1選舉區,蔡建立,無,05
金門縣金寧鄉第1選舉區,辛愛華,中國國民黨,01
金門縣金寧鄉第1選舉區,林金月,無,01
金門縣金寧鄉第1選舉區,楊水信,中國國民黨,02
金門縣金寧鄉第1選舉區,翁文雅,無,02
金門縣金寧鄉第1選舉區,李正騰,中國國民黨,02
金門縣金寧鄉第1選舉區,陳成泉,中國國民黨,02
金門縣金寧鄉第1選舉區,陳秀金,中國國民黨,02
金門縣金寧鄉第1選舉區,翁明惠,中國國民黨,03
金門縣金寧鄉第1選舉區,李開陣,中國國民黨,05
金門縣金寧鄉第1選舉區,莊振興,中國國民黨,05
金門縣金寧鄉第1選舉區,陳菁芬,無,05
金門縣烈嶼鄉第1選舉區,吳福全,中國國民黨,02
金門縣烈嶼鄉第1選舉區,洪雅明,無,02
金門縣烈嶼鄉第1選舉區,陳秀治,中國國民黨,03
金門縣烈嶼鄉第1選舉區,林長征,中國國民黨,05
金門縣烈嶼鄉第1選舉區,洪燕玉,無,05
金門縣烈嶼鄉第1選舉區,方水萬,無,05
金門縣烈嶼鄉第1選舉區,林益宏,無,05
金門縣烈嶼鄉第1選舉區,洪若珊,中國國民黨,05
金門縣烈嶼鄉第1選舉區,方駿洋,中國國民黨,05
金門縣烏坵鄉第1選舉區,陳興坵,中國國民黨,01
金門縣烏坵鄉第1選舉區,李毅強,無,01
金門縣烏坵鄉第1選舉區,蔡金照,無,02
金門縣烏坵鄉第1選舉區,黃金揚,無,05
金門縣烏坵鄉第1選舉區,蔡福春,無,05
連江縣南竿鄉第1選舉區,林紹馨,無,01
連江縣南竿鄉第1選舉區,陳其平,中國國民黨,01
連江縣南竿鄉第1選舉區,曹爾淼,中國國民黨,01
連江縣南竿鄉第1選舉區,王志英,中華統一促進黨,01
連江縣南竿鄉第1選舉區,陳志華,中國國民黨,03
連江縣南竿鄉第1選舉區,李忠堅,中國國民黨,05
連江縣南竿鄉第1選舉區,楊清宇,中國國民黨,05
連江縣南竿鄉第1選舉區,陳錦泰,中國國民黨,05
連江縣南竿鄉第1選舉區,楊水英,中國國民黨,05
連江縣南竿鄉第1選舉區,饒瑞香,無,05
連江縣北竿鄉第1選舉區,陳蕊金,中國國民黨,01
連江縣北竿鄉第1選舉區,林加友,中國國民黨,02
連江縣北竿鄉第1選舉區,曹庭,無,05
連江縣北竿鄉第1選舉區,林靜慧,無,05
連江縣北竿鄉第1選舉區,邱德寶,中國國民黨,05
連江縣北竿鄉第1選舉區,王珠英,無,05
連江縣北竿鄉第1選舉區,王建華,中國國民黨,05
連江縣北竿鄉第1選舉區,陳功漢,無,05
連江縣莒光鄉第1選舉區,陳樂禮,中國國民黨,01
連江縣莒光鄉第1選舉區,曹端陽,中國國民黨,02
連江縣莒光鄉第1選舉區,劉宜臺,中國國民黨,02
連江縣莒光鄉第1選舉區,劉灼仙,中國國民黨,05
連江縣莒光鄉第1選舉區,王秀金,中國國民黨,05
連江縣莒光鄉第1選舉區,林宏豫,無,05
連江縣東引鄉第1選舉區,張雪華,中國國民黨,01
連江縣東引鄉第1選舉區,陳子驎,中國國民黨,01
連江縣東引鄉第1選舉區,王維德,中國國民黨,03
連江縣東引鄉第1選舉區,王禮翼,無,05
連江縣東引鄉第1選舉區,劉家發,無,05
連江縣東引鄉第1選舉區,林瑞璇,無,05
