name,page-name,page-id,likes,talking-about,percent,party,dist
丁守中,丁守中,tingshouchung,27611,4633,16.77954438,國民黨,台北市第1選舉區
吳思瑤,台北有需要‧請找吳思瑤,TaipeiNeedYou,20959,5967,28.46986975,民進黨,台北市第1選舉區
王靜亞,王靜亞,drwangyaya,14584,7342,50.34284147,民國黨,台北市第1選舉區
姚文智,姚文智翻台北,YaoTurningTaipei,30825,2274,7.377128954,民進黨,台北市第2選舉區
潘懷宗,潘懷宗,apan710,16706,5533,33.11983718,新黨,台北市第2選舉區
吳俊德,吳俊德,tmskex,4458,2571,57.67160162,信心希望聯盟,台北市第2選舉區
蔣萬安,蔣萬安,chiangwanan,28996,11086,38.2328597,國民黨,台北市第3選舉區
潘建志,BillyPan 潘建志醫師,billypan102,164806,17139,10.39950002,無黨籍,台北市第3選舉區
李晏榕,李晏榕 Yen-jong Lee,sdpyenjonglee,11107,3313,29.82803637,綠黨社會民主黨聯盟,台北市第3選舉區
林新凱,林新凱,akhai.tw,855,12,1.403508772,台灣獨立黨,台北市第3選舉區
黃麗香,第九屆立法委員臺北市第三選區（中山、松山）候選人黃麗香,804942532948244,46,17,36.95652174,無黨籍,台北市第3選舉區
李彥秀,李彥秀,ashow.tpe,32763,10697,32.64963526,國民黨,台北市第4選舉區
黃珊珊,台北市議員黃珊珊,taipei33,81204,7566,9.317275011,親民黨,台北市第4選舉區
蕭亞譚,蕭亞譚網路總部,YatanOffice,11167,1515,13.5667592,台灣團結聯盟,台北市第4選舉區
陳尚志,陳尚志 社會民主黨,SCCSDP,5142,3422,66.54998055,綠黨社會民主黨聯盟,台北市第4選舉區
林少馳,林少馳 Terrence Lin,sclregeneration,2488,857,34.44533762,時代力量,台北市第4選舉區
何偉,何偉,SAVETAIWANECONOMICS,128,17,13.28125,無黨籍,台北市第4選舉區
林昶佐,林昶佐 中正萬華關鍵戰將,ivotefreddy,27923,12876,46.11252373,時代力量,台北市第5選舉區
李家幸,朝天椒（李家幸）,hotpepper.tw,451,835,185.1441242,台灣獨立黨,台北市第5選舉區
尤瑞敏,尤瑞敏 （蔡媽媽）,1448822928767933,2115,191,9.030732861,樹黨,台北市第5選舉區
蔣乃辛,蔣乃辛,Chiang.NaiShin,1029,167,16.22934888,國民黨,台北市第6選舉區
范雲,大安推范雲,daan4fanyun,14408,3431,23.81315936,綠黨社會民主黨聯盟,台北市第6選舉區
吳旭智,吳旭智,Morning.MKT,4124,2488,60.32977692,民國黨,台北市第6選舉區
龎維良,龎維良- 改變才有新力量,756275957803295,1490,303,20.33557047,無黨籍,台北市第6選舉區
周芳如,周芳如大安區立委參選人,choufj,2302,602,26.15117289,無黨籍,台北市第6選舉區
趙衍慶,趙衍慶,737238553021570,217,38,17.51152074,無黨籍,台北市第6選舉區
陳家宏,陳家宏,ChiaHungChen.tw,1115,112,10.04484305,樹黨,台北市第6選舉區
曾獻瑩,政治 從家開始-曾獻瑩,politicsfromfamily,1869,2001,107.0626003,信心希望聯盟,台北市第6選舉區
古文發,大愛憲改聯盟大安區立委參選人 古文發,441557072670526,259,12,4.633204633,大愛憲改聯盟,台北市第6選舉區
費鴻泰,費鴻泰（阿力克司）,893657620668012,33816,10562,31.23373551,國民黨,台北市第7選舉區
呂欣潔,呂欣潔 Jennifer Lu,JenniferLuTw,16400,6621,40.37195122,綠黨社會民主黨聯盟,台北市第7選舉區
楊實秋,楊實秋,PPMasterYang,69831,24332,34.84412367,無黨籍,台北市第7選舉區
林文傑,林文傑-信義.南松山,777290745726354,294,81,27.55102041,無黨籍,台北市第7選舉區
賴士葆,賴士葆,1573873889493647,22610,4123,18.23529412,國民黨,台北市第8選舉區
苗博雅,苗博雅 MiaoPoya,miaopoya.sdp,27050,9022,33.35304991,綠黨社會民主黨聯盟,台北市第8選舉區
李慶元,【國會新頭腦】李慶元,863388347084952,8120,2930,36.08374384,無黨籍,台北市第8選舉區
陳如聖,陳如聖,lucent.chen,131,37,28.24427481,台灣工黨,台北市第8選舉區
吳育昇,吳育昇,yeswuasheng,15976,2160,13.52028042,國民黨,新北市第1選舉區
呂孫綾,呂孫綾,shirleylu312,7035,1747,24.83297797,民進黨,新北市第1選舉區
陳明義,陳明義,imingyi,8110,3563,43.93341554,國民黨,新北市第2選舉區
林淑芬,林淑芬,linshufen.fans,22560,6315,27.99202128,民進黨,新北市第2選舉區
李乾龍,李乾龍粉絲團,239551342729652,15772,5287,33.52143038,國民黨,新北市第3選舉區
高志鵬,高志鵬 Gao Jyh Peng,gaojyhpeng,6790,4281,63.04860088,民進黨,新北市第3選舉區
姚胤宏,新北市第三選區立委候選人姚胤宏 - 樹黨,TreespartyYao,122,129,105.7377049,樹黨,新北市第3選舉區
陳茂嘉,陳茂嘉立委候選人～後援會,1521687654809874,167,233,139.5209581,國民黨,新北市第4選舉區
吳秉叡,吳秉叡,Wubray,26705,17983,67.33944954,民進黨,新北市第4選舉區
賈伯楷,賈伯楷,bokaijia,1337,306,22.88706058,綠黨社會民主黨聯盟,新北市第4選舉區
黃志雄,黃志雄&洪佳君,ly11051,19768,2402,12.15095103,國民黨,新北市第5選舉區
蘇巧慧,蘇巧慧,chiaohui.su,70832,10195,14.39321211,民進黨,新北市第5選舉區
郭柏瑜,郭柏瑜 為人民出任務,940997429312809,335,398,118.8059701,時代力量,新北市第5選舉區
林國春,林國春,superkcl,21791,7395,33.93602864,國民黨,新北市第6選舉區
張宏陸,張宏陸,hunglueball,6838,3052,44.63293361,民進黨,新北市第6選舉區
康仁俊,康莊新板橋 康仁俊,187188091318923,5035,4409,87.56703078,親民黨,新北市第6選舉區
李貴寶,李貴寶,753716164737074,1305,976,74.78927203,民國黨,新北市第6選舉區
李建明,李建明,TreesPartyJimmyLi,376,38,10.10638298,樹黨,新北市第6選舉區
黃鈞民,黃鈞民,1464001000569861,1137,53,4.661389622,軍公教聯盟黨,新北市第6選舉區
游信義,游信義,You.HsinYi,4849,2501,51.57764488,信心希望聯盟,新北市第6選舉區
江惠貞,江惠貞,huizhen0128,16552,6910,41.74722088,國民黨,新北市第7選舉區
羅致政,台灣新力量/羅致政粉絲團,voteforlo,39737,6593,16.5915897,民進黨,新北市第7選舉區
李婉鈺,李婉鈺的園地,wanyu.newtaipeicity,14768,1229,8.322047671,無黨籍,新北市第7選舉區
汪成華,汪成華/新北第7選區-板橋東區立委參選人,e.Bangiao,355,36,10.14084507,健保免費連線,新北市第7選舉區
張慶忠,張慶忠,chingchung401224,1687,463,27.44516894,國民黨,新北市第8選舉區
江永昌,江永昌,iamyungchang,586,454,77.47440273,民進黨,新北市第8選舉區
林德福,林德福,lintefu,1443,206,14.27581428,國民黨,新北市第9選舉區
張菁芳,張菁芳 民國黨立委參選人_永和·中和秀安,mkt234ccchang,4005,891,22.24719101,民國黨,新北市第9選舉區
李幸長,居住正義 - 李幸長,leehsinchangTW,2339,215,9.191962377,無黨籍,新北市第9選舉區
吳琪銘,吳琪銘,wuqiming519,5767,2379,41.25195075,民進黨,新北市第10選舉區
羅明才,羅明才,mtlo.tw,12564,788,6.271887934,國民黨,新北市第11選舉區
陳永福,新北市議員 陳永福,fu.hearken,2589,534,20.62572422,民進黨,新北市第11選舉區
曾柏瑜,曾柏瑜,poyu.tseng2016,7732,3532,45.68028971,綠黨社會民主黨聯盟,新北市第11選舉區
李慶華,李慶華,lym033a,15281,2838,18.57208298,國民黨,新北市第12選舉區
黃國昌,「黃國昌  從頭贏回台灣」,kcfor2016,27448,5479,19.96138152,時代力量,新北市第12選舉區
陳永順,陳永順,FHLTWys,1217,306,25.14379622,信心希望聯盟,新北市第12選舉區
陳根德,陳根德,kentechen,19329,3590,18.57312846,國民黨,桃園市第1選舉區
鄭運鵬,鄭運鵬粉絲團,nicepongpong,1438,235,16.34214186,民進黨,桃園市第1選舉區
王寶萱,王寶萱,standforpeople,5861,1964,33.50963999,綠黨社會民主黨聯盟,桃園市第1選舉區
廖正井,廖正井,590121424421164,3542,1050,29.64426877,國民黨,桃園市第2選舉區
陳佩俞,陳佩俞,py1234,1171,181,15.45687447,樹黨,桃園市第2選舉區
陳學聖,陳學聖,junglicity,22608,906,4.007430998,國民黨,桃園市第3選舉區
徐景文,徐景文,cwhsu2016,21945,10892,49.63317384,民進黨,桃園市第3選舉區
陳宏瑞,陳宏瑞,inventor.MKT,3525,1451,41.16312057,民國黨,桃園市第3選舉區
賴立竹,中壢優先 賴立竹,140397062741642,3814,1493,39.14525433,無黨籍,桃園市第3選舉區
楊麗環,楊麗環,yanglihuan,4021,1370,34.07112659,國民黨,桃園市第4選舉區
鄭寶清,鄭寶清,1.57245E+15,2979,1287,43.20241692,民進黨,桃園市第4選舉區
呂玉玲,看見幸福 呂玉玲,yuling616,13644,3678,26.95690413,國民黨,桃園市第5選舉區
張肇良,張肇良 為您打拼,zao.liang4798751,21128,6050,28.63498675,民進黨,桃園市第5選舉區
張誠,民國黨 張誠博士 平鎮龍潭區 立法委員參選人,PhDChang,7733,1742,22.52683305,民國黨,桃園市第5選舉區
孫大千,"孫大千Sun, Ta-Chien",1503745219913314,15833,2094,13.22554159,國民黨,桃園市第6選舉區
呂東杰,呂東杰,lu.d.jie.10,893,175,19.5968645,綠黨社會民主黨聯盟,桃園市第6選舉區
趙正宇,趙正宇,JhengYuOfficeBlog,12152,2303,18.9516129,無黨籍,桃園市第6選舉區
顏秋月,顏秋月,chiouyueyen,9441,1584,16.7778837,國民黨,台中市第1選舉區
蔡其昌,蔡其昌,taichungGogogo,129838,27300,21.02620188,民進黨,台中市第1選舉區
顏寬恒,顏寬恒,kuanheng99,23643,7137,30.18652455,國民黨,台中市第2選舉區
陳世凱,陳世凱,chenshihkai.taichung,25602,6127,23.93172408,民進黨,台中市第2選舉區
楊瓊瓔,好立委 楊瓊瓔,195094157238158,41068,16315,39.72679458,國民黨,台中市第3選舉區
洪慈庸,洪慈庸,newpowerhung,102473,53134,51.85170728,時代力量,台中市第3選舉區
蔡錦隆,蔡錦隆加油讚,long.tcgo,25181,7434,29.52225885,國民黨,台中市第4選舉區
張廖萬堅,堅持．張廖萬堅,wanchien0209,20466,5302,25.90638132,民進黨,台中市第4選舉區
吳淑慧,吳淑慧,nikkywuMKT,6032,2890,47.91114058,民國黨,台中市第4選舉區
葉春幸,台灣阿幸葉春幸,HsingForTaiwan,2610,2516,96.39846743,信心希望聯盟,台中市第4選舉區
盧秀燕,盧秀燕,109391162488374,3113,606,19.46675233,國民黨,台中市第5選舉區
劉國隆,劉國隆建築師,889579694439132,2690,1304,48.47583643,台灣團結聯盟,台中市第5選舉區
簡孟軒,簡孟軒,life.andrew,2332,2019,86.5780446,信心希望聯盟,台中市第5選舉區
沈智慧,沈智慧粉絲團,eqmame.tw,6442,9064,140.7016455,國民黨,台中市第6選舉區
黃國書,黃國書,566381323386617,23560,6434,27.3089983,民進黨,台中市第6選舉區
賴義鍠,推動社會善良風！賴義鍠服務處,945847845427050,954,136,14.2557652,國民黨,台中市第7選舉區
何欣純,何欣純立法委員粉絲團,302880513884,2632,499,18.95896657,民進黨,台中市第7選舉區
江啟臣,江啟臣服務讚,johnnyccchiang,22691,3755,16.54841126,國民黨,台中市第8選舉區
謝志忠,謝志忠　幫您講話,1627016040846724,10596,4931,46.53642884,民進黨,台中市第8選舉區
黃瑞坤,黃瑞坤 fans,kun3312996,649,265,40.83204931,國民黨,台南市第1選舉區
葉宜津,葉宜津,YehYiJin,42249,7849,18.57795451,民進黨,台南市第1選舉區
黃耀盛,中國國民黨立法委員105年台南第二選區參選人【黃耀盛】,yaosheng2016,1177,237,20.13593883,國民黨,台南市第2選舉區
黃偉哲,立法委員 黃偉哲,taiwanweicher,20874,2957,14.16594807,民進黨,台南市第2選舉區
謝龍介,謝龍介,TEL062268268,9369,1081,11.53805102,國民黨,台南市第3選舉區
陳亭妃,立法委員 陳亭妃,fififans,23358,2002,8.570939293,民進黨,台南市第3選舉區
鄧秀寶,鄧秀寶,MKTMonaLisa,1376,1475,107.1947674,民國黨,台南市第3選舉區
陳淑慧,立法委員陳淑慧,169461366430673,1809,886,48.97733554,國民黨,台南市第4選舉區
林俊憲,林俊憲,seeklin,9533,5590,58.63841393,民進黨,台南市第4選舉區
楊智達,楊智達,zdayoung,6439,4726,73.39649014,綠黨社會民主黨聯盟,台南市第4選舉區
林易煌,林易煌醫師,linyihuang2105,1479,435,29.41176471,國民黨,台南市第5選舉區
王定宇,王定宇,wdy19690305,137043,75819,55.32497099,民進黨,台南市第5選舉區
李盈蒔,李盈蒔,1533425533637945,310,11,3.548387097,中華統一促進黨,台南市第5選舉區
鍾易仲,幸福好粽 鍾易仲,loveyichung,8336,5438,65.23512476,國民黨,高雄市第1選舉區
邱議瑩,登真-邱議瑩,179828222070223,20779,8755,42.13388517,民進黨,高雄市第1選舉區
黃韻涵,黃韻涵粉絲頁,huangyunhan73,6213,3176,51.11862224,國民黨,高雄市第2選舉區
邱志偉,邱志偉,1588286501409955,30712,3726,12.13206564,民進黨,高雄市第2選舉區
曾盈豐,曾盈豐-立法委員參選後援會,evo088088,175,186,106.2857143,自由台灣黨,高雄市第2選舉區
張顯耀,左楠好朋友張顯耀,2016newofficial,1536,715,46.54947917,國民黨,高雄市第3選舉區
劉世芳,左楠新立委劉世芳,2016newpower,19761,5812,29.41146703,民進黨,高雄市第3選舉區
梁蓓禎,梁蓓禎,liangbeizhen,4366,2745,62.87219423,信心希望聯盟,高雄市第3選舉區
郭倫豪,郭倫豪粉絲團,840699296019292,4639,1382,29.79090321,國民黨,高雄市第4選舉區
林岱樺,立法委員 林岱樺,LinDaiHua,6810,1523,22.36417034,民進黨,高雄市第4選舉區
蔡金晏,"下港的囝仔, 蔡金晏",tsaijinyen,10596,3101,29.26576066,國民黨,高雄市第5選舉區
管碧玲,管碧玲 (kuanbiling),biling.kuan,18209,1297,7.122851337,民進黨,高雄市第5選舉區
王新昌,王新昌 高雄第五選區立委參選後援會,428246474034089,248,1260,508.0645161,軍公教聯盟黨,高雄市第5選舉區
黃柏霖,黃柏霖,polin66666,27560,16414,59.55732946,國民黨,高雄市第6選舉區
李昆澤,李昆澤,power2tw,93717,19374,20.67287685,民進黨,高雄市第6選舉區
莊啟旺,莊啟旺,davis0301,8756,3290,37.57423481,國民黨,高雄市第7選舉區
趙天麟,趙天麟,skychao6238,102327,14610,14.2777566,民進黨,高雄市第7選舉區
黃璽文,鳳山有光黃璽文,HUANG2308,3097,542,17.50080723,國民黨,高雄市第8選舉區
許智傑,許智傑,ifongshan,22750,5565,24.46153846,民進黨,高雄市第8選舉區
林國正,林國正,1620968714810495,2164,2564,118.4842884,國民黨,高雄市第9選舉區
賴瑞隆,賴瑞隆,774908905922784,20453,8880,43.4166137,民進黨,高雄市第9選舉區
林宗彥,林宗彥博士 民國黨立委候選人 高雄市前鎮小港區,MktPhDLin,1977,722,36.51997977,民國黨,高雄市第9選舉區
蔡媽福,蔡媽福,103901806331276,456,46,10.0877193,中華統一促進黨,高雄市第9選舉區
郝龍斌,好基隆 郝龍斌,haulb,72515,11657,16.07529477,國民黨,基隆市選舉區
蔡適應,基隆.蔡適應,114129008623973,17249,10380,60.17740159,民進黨,基隆市選舉區
劉文雄,劉文雄（Liu Wen Hsiung）,LiuWenHsiung,42458,10926,25.73366621,親民黨,基隆市選舉區
李志鏞,李志鏞,YilanGOOD,3743,704,18.80844243,國民黨,宜蘭縣選舉區
陳歐珀,陳歐珀,chenoupo,17480,1416,8.100686499,民進黨,宜蘭縣選舉區
吳紹文,吳紹文 宜蘭縣立委參選人,shaowen333,3139,4060,129.3405543,綠黨社會民主黨聯盟,宜蘭縣選舉區
孫博萮,｛Fish睬政治｝孫博萮,SunPoYu,1756,703,40.03416856,無黨籍,宜蘭縣選舉區
林為洲,林為洲,weijoteam,52550,4694,8.93244529,國民黨,新竹縣選舉區
邱靖雅,邱靖雅 - 新竹縣立法委員候選人,joinus.tw,4856,1054,21.70510708,民國黨,新竹縣選舉區
鄭永金,鄭永金後援會,hsinchu.no1,16762,3858,23.0163465,無黨籍,新竹縣選舉區
卓恩宗,卓恩宗 堅持信念，把不可能變為可能,anthung.cho,573,96,16.7539267,信心希望聯盟,新竹縣選舉區
鄭正鈐,鄭正鈐,CCCHsinchu,34098,7530,22.08340665,國民黨,新竹市選舉區
柯建銘,柯建銘,kerchenming,140266,22061,15.72797399,民進黨,新竹市選舉區
歐崇敬,歐崇敬,140678319317061,1356,507,37.38938053,親民黨,新竹市選舉區
邱顯智,邱顯智 為人民辯護,LawyerHandyChiu,26849,38973,145.1562442,時代力量,新竹市選舉區
魏揚,魏揚   戰勝藍、綠唯一支持,WY.Hsinchu,84,78,92.85714286,軍公教聯盟黨,新竹市選舉區
陳超明,陳超明立法委員-竹南服務總部,215361781885954,2948,23,0.7801899593,國民黨,苗栗縣第1選舉區
杜文卿,杜文卿Tu Wen-ching,752720694842271,3948,2660,67.37588652,民進黨,苗栗縣第1選舉區
康世儒,康世儒,Kangshihju,19080,1728,9.056603774,民國黨,苗栗縣第1選舉區
林一方,林一方  苗栗第一選區立委參選人,ithongclub,1931,871,45.10616261,自由台灣黨,苗栗縣第1選舉區
徐志榮,看見徐志榮,1385833738386412,2354,1497,63.59388275,國民黨,苗栗縣第2選舉區
吳宜臻,吳宜臻,2014voteformiaoli,12637,1418,11.22101765,民進黨,苗栗縣第2選舉區
戴文祥,戴文祥（苗栗新政治工作者）,94imiaoli,769,559,72.69180754,無黨籍,苗栗縣第2選舉區
王惠美,尚打拼ㄟ王惠美．和美媳婦．鹿港女兒,wang.huimei,5981,3099,51.81407791,國民黨,彰化縣第1選舉區
陳文彬,陳文彬,AkiraChenFans,19553,21386,109.3745205,民進黨,彰化縣第1選舉區
林滄敏,林滄敏,tsangmin11,8178,3067,37.50305698,國民黨,彰化縣第2選舉區
黃秀芳,黃秀芳,smilefangfang,2916,2604,89.30041152,民進黨,彰化縣第2選舉區
張耀元,張耀元醫師 民國黨立委參選人_彰化‧花壇‧芬園,MKTDr.Chang,3882,2858,73.62184441,民國黨,彰化縣第2選舉區
黃玉芬,黃玉芬,491176550931779,2749,939,34.15787559,無黨籍,彰化縣第2選舉區
許永金,許永金,184994178501035,1721,459,26.67054038,無黨籍,彰化縣第2選舉區
鄭汝芬,立法委員鄭汝芬,246025718756404,3332,514,15.42617047,國民黨,彰化縣第3選舉區
洪宗熠,關鍵熠席-洪宗熠,1503029943345019,2621,946,36.09309424,民進黨,彰化縣第3選舉區
張錦昆,員林市長 張錦昆,Keepgoing.KUN,5849,5596,95.67447427,國民黨,彰化縣第4選舉區
陳素月,陳素月SayYes,chengSayYes,11842,1366,11.53521365,民進黨,彰化縣第4選舉區
馬文君,馬文君,nantou.go,5958,1138,19.10036925,國民黨,南投縣第1選舉區
張國鑫,立委候選人張國鑫,Kchang.Fans,2505,3896,155.5289421,民進黨,南投縣第1選舉區
許淑華,許淑華,130771133668155,13661,9583,70.1485982,國民黨,南投縣第2選舉區
蔡煌瑯,蔡煌瑯,373362590787,27541,20706,75.18245525,民進黨,南投縣第2選舉區
張鎔麒,張鎔麒,1685389718372194,2576,3669,142.4301242,國民黨,雲林縣第1選舉區
蘇治芬,蘇治芬,suchihfen,36912,9068,24.56653663,民進黨,雲林縣第1選舉區
吳威志,吳威志,WishYunlin,18749,780,4.160221879,國民黨,雲林縣第2選舉區
劉建國,劉建國,liucnko.fans,32302,2304,7.132685283,民進黨,雲林縣第2選舉區
林江釧,林江釧 釧起嘉義的幸福,bestchiayi,3754,1829,48.72136388,國民黨,嘉義縣第1選舉區
蔡易餘,蔡易餘 家己人,chaiyionefish,15515,2466,15.89429584,民進黨,嘉義縣第1選舉區
林于玲,林于玲,chiayilinyuling,2233,875,39.18495298,國民黨,嘉義縣第2選舉區
吳育仁,吳育仁《觀照下的願力新世界》,Labour.tw,12731,1673,13.14115152,國民黨,嘉義市選舉區
李俊俋,李俊俋,chunyileefans,31358,6592,21.02174884,民進黨,嘉義市選舉區
黃宏成台灣阿成世界偉人財神總統,黃宏成台灣阿成世界偉人財神總統,860334320708358,357,26,7.282913165,無黨籍,嘉義市選舉區
蘇震清,『蘇震清-我們承擔起責任』,su7666636,6182,265,4.286638628,民進黨,屏東縣第1選舉區
王進士,王進士,854760791227828,14624,5098,34.86050328,國民黨,屏東縣第2選舉區
鍾佳濱,鍾佳濱,cafe1965,15703,3273,20.84315099,民進黨,屏東縣第2選舉區
許謹如,屏東女飛人-許謹如,514483485382561,609,1673,274.7126437,國民黨,屏東縣第3選舉區
莊瑞雄,莊瑞雄-雄有戰力,dpp.greenbear,2005,305,15.21197007,民進黨,屏東縣第3選舉區
黃昭展,黃昭展在地服務團隊,pingtungH,12185,1277,10.48009848,無黨籍,屏東縣第3選舉區
丁勇智,自由台灣黨 丁勇智立委競選總部後援會,1664488257138527,116,121,104.3103448,自由台灣黨,屏東縣第3選舉區
陳建閣,陳建閣,taitungjacky,1350,99,7.333333333,國民黨,臺東縣選舉區
劉櫂豪,劉櫂豪,ZhaoHaoLiu,11342,2211,19.49391642,民進黨,臺東縣選舉區
王廷升,王廷升,174625412640734,867,90,10.38062284,國民黨,花蓮縣選舉區
蕭美琴,蕭美琴,Bikhim,53407,7153,13.3933754,民進黨,花蓮縣選舉區
陳雙全,陳雙全,PGgogo,1168,49,4.195205479,國民黨,澎湖縣選舉區
楊曜,楊曜Yangyao,220796314615357,1713,219,12.78458844,民進黨,澎湖縣選舉區
冼義哲,冼義哲,Che.Political,1675,185,11.04477612,樹黨,澎湖縣選舉區
陳滄江,陳滄江,173281682704778,6547,56,0.8553535971,民進黨,金門縣選舉區
吳成典,吳成典-點點青年軍,island.power.young.point,2493,1120,44.92579222,新黨,金門縣選舉區
陳德輝,陳德輝-與您一起返金逐夢的立法委員候選人,kinmem.dream,97,101,104.1237113,台灣工黨,金門縣選舉區
高丹樺,高丹樺 作家,danhuakao,2065,4778,231.3801453,軍公教聯盟黨,金門縣選舉區
蘇柏豪,蘇柏豪,twporcupine,2679,216,8.062709966,樹黨,連江縣選舉區
陳瑩,陳瑩-Ying  Chen原住民族事務廣場,808141885898192,6290,1362,21.65341812,民進黨,平地原住民選舉區
吳國譽,吳國譽 Rahic Amind,1981yu,2152,1701,79.04275093,民國黨,平地原住民選舉區
馬躍．比吼,馬躍．比吼 Mayaw Biho,2016mayawbiho,19457,20843,107.1234003,無黨籍,平地原住民選舉區
達佶祐・卡造,達佶祐・卡造,takiyokacaw,394,274,69.54314721,軍公教聯盟黨,平地原住民選舉區
柯荏耀,柯荏耀,Trueman1219,81,2,2.469135802,無黨籍,平地原住民選舉區
達摩·阿雄,達摩·阿雄,632081320265155,12,5,41.66666667,無黨籍,平地原住民選舉區
孔文吉,孔文吉,134086613358799,1200,17,1.416666667,國民黨,山地原住民選舉區
簡東明,簡東明(Uliw.Qaljupayare),uliw.qaljupayare,2545,374,14.69548134,國民黨,山地原住民選舉區
高金素梅,高金素梅(吉娃斯．阿麗),giwas888,12947,5890,45.49316444,無黨團結聯盟,山地原住民選舉區
林信義,林信義,WaTanDoPow,1108,235,21.20938628,信心希望聯盟,山地原住民選舉區
尤命‧蘇樣,尤命蘇樣-山原立委候選人-獨立參選,twsuyan,248,285,114.9193548,無黨籍,山地原住民選舉區
林世偉,林世偉,101608840186679,578,56,9.688581315,無黨籍,山地原住民選舉區
王金平,王金平,173927656287650,8743,15350,175.5690266,國民黨,不分區
曾銘宗,曾銘宗,TsengMingChung,12751,115,0.9018900478,國民黨,不分區
黃昭順,黃昭順-鐵的康乃馨,KHshun,7456,347,4.653969957,國民黨,不分區
吳志揚,吳志揚,johnwu28,3785,62,1.638044914,國民黨,不分區
張麗善,張麗善粉絲團,yunlin.lishan,55442,3135,5.654557916,國民黨,不分區
王育敏,兒少尖兵-立法委員王育敏,151758448274492,4210,253,6.009501188,國民黨,不分區
林奕華,林奕華之奕想華園,209010448523,2330,10,0.4291845494,國民黨,不分區
李貴敏,李貴敏委員粉絲團,lystaceylee,1633,196,12.00244948,國民黨,不分區
徐巧芯,徐巧芯,HsuChiaoHsin,12341,5304,42.97868892,國民黨,不分區
李正皓,李正皓,869453123161828,546,1471,269.4139194,國民黨,不分區
林家興,林家興的復革人生,LJXfight4ROC,2027,136,6.709422792,國民黨,不分區
蕭敬嚴,蕭敬嚴 X 革新世代,james.hsiao.1215,708,134,18.92655367,國民黨,不分區
顧立雄,顧立雄,Taipei.WellingtonKoo,27605,53,0.1919942039,民進黨,不分區
余宛如,余宛如,Yuwanju,1240,14,1.129032258,民進黨,不分區
蘇嘉全,蘇嘉全,torosu,102583,117,0.1140539856,民進黨,不分區
段宜康,段宜康,tuanyikang,72818,16892,23.19756104,民進黨,不分區
鄭麗君,鄭麗君,love.lichiun,11526,103,0.893631789,民進黨,不分區
陳其邁,陳其邁 Chen Chi-Mai,122936517768637,30235,14209,46.99520423,民進黨,不分區
尤美女,尤美女立委,yumeinu,15947,111,0.6960556845,民進黨,不分區
李應元,李應元-台灣應元團,LoveYingYuan,4897,424,8.658362263,民進黨,不分區
林靜儀,林靜儀,LinCYminorta,2417,848,35.08481589,民進黨,不分區
徐國勇,前進新台灣－徐國勇律師,tommyhsu47,8484,11310,133.3097595,民進黨,不分區
郭正亮,郭正亮,199506260092407,13433,682,5.077049058,民進黨,不分區
余莓莓,余莓莓,152375864844407,13825,749,5.417721519,民進黨,不分區
黃帝穎,黃帝穎,HuangDiYing,2454,1348,54.93072535,民進黨,不分區
賴振昌,台聯立法委員 賴振昌,LaiChanChun,2948,228,7.734056988,台灣團結聯盟,不分區
高基讚,高基讚,kao.service1113,658,18,2.73556231,台灣團結聯盟,不分區
張素華,張素華,sowhuaa.org,537,43,8.00744879,台灣團結聯盟,不分區
周倪安,點亮雙和 周倪安祝您安,tsu.chounian,6100,959,15.72131148,台灣團結聯盟,不分區
李卓翰,李卓翰 - 台北市公民參與委員,seeuneed,2747,5,0.1820167455,台灣團結聯盟,不分區
鄭秀玲,鄭秀玲,1496899860638873,124,12,9.677419355,時代力量,不分區
柯一正,柯一正,koimagelephant,976,9,0.9221311475,時代力量,不分區
徐永明,徐永明教授,polymh,24067,3435,14.2726555,時代力量,不分區
張麗芬,張麗芬,767570560018771,9438,9745,103.2528078,綠黨社會民主黨聯盟,不分區
李根政,李根政,leekc2016,6646,7914,119.0791454,綠黨社會民主黨聯盟,不分區
詹順貴,詹順貴,thomas0126,7459,1909,25.59324306,綠黨社會民主黨聯盟,不分區
葉大華,葉大華,veranayeh,1549,585,37.76630084,綠黨社會民主黨聯盟,不分區
謝英俊,謝英俊建築師 第三建築工作室 Hsieh Ying-Chun,hsiehyingchun,3872,368,9.504132231,綠黨社會民主黨聯盟,不分區
許秀雯,同志許秀雯 綠黨不分區,MeVictoriaHSU,5568,1423,25.55675287,綠黨社會民主黨聯盟,不分區
李鴻鈞,立法委員李鴻鈞,176709252368240,723,24,3.319502075,親民黨,不分區
陳怡潔,立委 陳怡潔 Chen Yi-Chieh,538471059564180,9875,2895,29.3164557,親民黨,不分區
李天鐸,李天鐸軍事論壇,timlee88,5420,616,11.36531365,民國黨,不分區
葉毓蘭,葉毓蘭,838519366164832,10161,3960,38.97254207,新黨,不分區
邱毅,邱毅『談天論地話縱橫』,127907197272507,31015,5058,16.30823795,新黨,不分區
王炳忠,王炳忠,bingzhong.wang,9958,2242,22.51456116,新黨,不分區
侯漢廷,侯漢廷,HanTingHou,2289,3446,150.54609,新黨,不分區
趙家蓉,趙家蓉服務讚,223335004526185,1925,21,1.090909091,新黨,不分區
楊世光,楊世光的新視野,362509207185719,22921,1066,4.650756948,新黨,不分區
周芷萱,周芷萱　斬父權獨立劍　老娘就是反骨！,ChihHsuanChouFreeTaiwanParty,1576,762,48.35025381,自由台灣黨,不分區
蕭曉玲,蕭曉玲,166352390093354,4820,249,5.165975104,自由台灣黨,不分區
郭正典,郭正典的粉絲頁,cdkuo,2315,274,11.83585313,自由台灣黨,不分區
蔡丁貴,蔡丁貴教授-台灣堅持的力量,320049491447,19658,3275,16.65988402,自由台灣黨,不分區
陶君亮,陶君亮,NewPower.TwinEngines,1874,778,41.51547492,信心希望聯盟,不分區
南岳君,南岳君的奇蹟之旅,votenan,1792,549,30.63616071,信心希望聯盟,不分區
鄭美珠,鄭美珠,meichu55,487,383,78.64476386,無黨團結聯盟,不分區
蔡錦賢,蔡錦賢,269017619899884,5361,11,0.2051855997,無黨團結聯盟,不分區
張安樂,張安樂粉絲團,619924111375538,11220,1724,15.36541889,中華統一促進黨,不分區
趙福芬,趙福芬,ZhaoFuFen,757,12,1.585204756,中華統一促進黨,不分區
潘翰聲,潘翰聲,panhan3.treesparty,4381,368,8.399908697,樹黨,不分區