鄉鎮市長一覽表,,,,,,,,,,,,,,
選舉年,市縣別,鄉鎮市,機關別,姓     名,職稱,性別,黨籍,辦公地址,辦公電話,電子信箱,學   歷,簡    歷,布落格,連結網頁
099第十六屆各鄉鎮市長選舉,宜蘭縣,宜蘭市,宜蘭縣宜蘭市公所,黃　定和,市長,男,中國國民黨,(260)宜蘭縣宜蘭市神農里中山路2段432號,03-9322221,mayor15@mail.ilancity.gov.tw,佛光大學公共事務學系研究所碩士,宜蘭市市民代表,,http://www.ilancity.gov.tw/
099第十六屆各鄉鎮市長選舉,宜蘭縣,羅東鎮,宜蘭縣羅東鎮公所,林　姿妙,鎮長,女,中國國民黨,(265)宜蘭縣羅東鎮賢文里中興路3號,03-9545102,a1516@mail.e-land.gov.tw,省立羅東高級商業職業學校商業科畢業(60年),1.宜蘭縣議會第14.15.16屆議員。2.宜蘭縣義消羅東分隊顧問。3.羅東林管處性騷擾申訴處理委員。4.蘭陽單車休閒健身會顧問。5.羅東義警中隊成功分隊顧問。6.羅東國中家長會顧問。7.宜蘭警察之友會羅東辦事處開羅站顧問。8.財團法人羅東高商教育基金會常務董事。9.社團法人宜蘭縣聽障者聲暉協會顧問。10.宜蘭縣婦女會第19屆理事長。,,http://www.lotong.gov.tw
099第十六屆各鄉鎮市長選舉,宜蘭縣,蘇澳鎮,宜蘭縣蘇澳鎮公所,林　騰煌,鎮長,男,中國國民黨,(270)宜蘭縣蘇澳鎮蘇西里蘇港路215號,03-9968906,service@suao.gov.tw,馬賽國小 蘇澳初中 中華工商高級職業學校,蘇澳鎮民代表會第14、15、16屆代表。 蘇澳鎮民代表會第17屆副主席。 救國團蘇澳團委會會長。 蘇澳鎮各宮、寺廟管理委員會主委、委員、顧問。 蘇澳鎮隘丁社區發展協會理事長。 國立政治大學地方首長公共管理暨施政行銷研習班結業。 蘇澳鎮第15屆鎮長。,,http://www.suao.gov.tw/
099第十六屆各鄉鎮市長選舉,宜蘭縣,頭城鎮,宜蘭縣頭城鎮公所,陳　秀暖,鎮長,女,無政黨,(261)宜蘭縣頭城鎮城北里纘祥路88號,(03)9772370,tcboss@mail.e-lang.gov.tw,蘭陽技術學院,頭城鎮第13、14屆鎮民代表 宜蘭縣第13、14、15屆議員 頭城鎮第15屆鎮長 頭城鎮調解會主席連任三屆 頭城區漁會理事事,,http://toucheng.e-land.gov.tw
099第十六屆各鄉鎮市長選舉,宜蘭縣,礁溪鄉,宜蘭縣礁溪鄉公所,林　錫忠,鄉長,男,民主進步黨,(262)宜蘭縣礁溪鄉六結村中山路2段3號,03-9881311,jiaosi.e-land.gov.tw,國立中興大學法律系畢業,宜蘭縣政府科員 法制股股長 秘書室副主任 消費者保護官 宜蘭縣政府勞工處處長 秘書處處長,,http://jiaosi.e-land.gov.tw
099第十六屆各鄉鎮市長選舉,宜蘭縣,壯圍鄉,宜蘭縣壯圍鄉公所,簡　文魁,鄉長,男,中國國民黨,(263)宜蘭縣壯圍鄉吉祥村吉祥村壯志路1號,(03)9383018,jw99@mail.e-land.gov.tw,高職,1.壯圍鄉後備軍人輔導中心主任。 2.大福村村長。 3.壯圍鄉民代表會副主席。,http://jw9805.pixnet.net/blog,http://jhuangwei.e-land.gov.tw
099第十六屆各鄉鎮市長選舉,宜蘭縣,員山鄉,宜蘭縣員山鄉公所,江　永和,鄉長,男,民主進步黨,(264)宜蘭縣員山鄉員山村員山村員山路1段322號,03-9231991,9227429@mail.e-land.gov.tw,國立宜蘭高級商業職業進修學校畢業,宜蘭縣宜蘭市第15屆第16屆第18屆市民代表,,http://www.yuanshan.gov.tw
099第十六屆各鄉鎮市長選舉,宜蘭縣,冬山鄉,宜蘭縣冬山鄉公所,謝　燦輝,鄉長,男,民主進步黨,(269)宜蘭縣冬山鄉南興村冬山路100號,(03)9591105,ds77@mail.e-land.gov.tw,蘭陽技術學院畢,冬山鄉第十七屆代表會副主席、第十八屆代表會主席,,http://www.dongshan.gov.tw
099第十六屆各鄉鎮市長選舉,宜蘭縣,五結鄉,宜蘭縣五結鄉公所,簡　松樹,鄉長,男,民主進步黨,(268)宜蘭縣五結鄉五結村五結路二段343號,03-9502235,ilhg990301@mail.e-land.gov.tw,佛光大學管理所碩士,第十八屆五結鄉鄉民代表,http://tw.myblog.yahoo.com/c0952451166,http://ilwct.e-land.gov.tw/
099第十六屆各鄉鎮市長選舉,宜蘭縣,三星鄉,宜蘭縣三星鄉公所,黃錫墉,鄉長,男,民主進步黨,(266)宜蘭縣三星鄉集慶村成功路67號,03-9893023,sanb001@mail.e-land.gov.tw,宜蘭農工,三星鄉民代表會第18、19屆代表,,
099第十六屆各鄉鎮市長選舉,宜蘭縣,大同鄉,宜蘭縣大同鄉公所,陳　成功,鄉長,男,無政黨,(267)宜蘭縣大同鄉崙埤村朝陽38號,03-9801004,wanu@mail.e-land.gov,專科畢業,大同戶政事務所戶籍員 大同鄉公所課員,,http://datong.e-land.gov.tw
099第十六屆各鄉鎮市長選舉,宜蘭縣,南澳鄉,宜蘭縣南澳鄉公所,江　明順,鄉長,男,中國國民黨,(272)宜蘭縣南澳鄉蘇花路2段381號,(03)9981683,elng1000@mail.e-land.gov.tw,花蓮農校初中畢業,第14、15屆縣議員、第15屆南澳鄉長,,http://www.nanao.e-land.gov.tw/
099第十六屆各鄉鎮市長選舉,桃園縣,桃園市,桃園縣桃園市公所,蘇　家明,市長,男,中國國民黨,(330)桃園縣桃園市光興里縣府路7號,03-3340755,mayor2@taocity.gov.tw,美國州立曼徹普立敦大學管理行政碩士、明新科技大學企管學士,1.第十屆桃園市長2.第八、九屆桃園市民代表會主席3.第七屆桃園市民代表會副主席4.第六屆桃園市民代表,,http://www.taocity.gov.tw/
099第十六屆各鄉鎮市長選舉,桃園縣,中壢市,桃園縣中壢市公所,魯　明哲,市長,男,中國國民黨,(330)桃園縣中壢市金華里環北路380號,03-4271801,jackruegg@hotmail.com,政治大學 元智大學碩士,桃園縣第16屆議員 中壢市第9屆市民代表,http://www.facebook.com/jackruegg,http://www.chunglicity.gov.tw
099第十六屆各鄉鎮市長選舉,桃園縣,大溪鎮,桃園縣大溪鎮公所,黃　睿松,鎮長,男,無政黨,(335)桃園縣大溪鎮興和里普濟路11號,(03)3882201,mayor@mail.dashi.gov.tw,成功工商畢業,1.大溪鎮民代表會15.16.17 屆鎮民代表、第18屆主席。 2.大溪鎮農會第13.15屆理 事、第14屆監事。 3.黃姓宗親會縣宗親會理事、顧問。 4.大溪鎮仁和宮修建委員會副主任委員。,,http://www.dashi.gov.tw/
099第十六屆各鄉鎮市長選舉,桃園縣,楊梅市,桃園縣楊梅市公所,彭　聖富,市長,男,無政黨,(326)桃園縣楊梅市楊江里大成路2號,03-4783683,ym-101 @yangmei.gov.tw,美國明尼蘇達州州立曼徹普立敦大學公共行政管理碩士,第14、15屆縣議員及第15屆鎮長、16屆市長 楊梅市彭姓宗親會理事長 桃園縣歌謠推廣協會理事長,,http://www.yangmei.gov.tw/content_edit.php?menu=25
099第十六屆各鄉鎮市長選舉,桃園縣,蘆竹市,桃園縣蘆竹市公所,褚　春來,市長,男,無政黨,(338)桃園縣蘆竹市南崁里南崁路150號,(03)3520000,chu091@mail.luchu.gov.tw,大學,桃園縣議員,,http://163.29.144.148/home.php
099第十六屆各鄉鎮市長選舉,桃園縣,大園鄉,桃園縣大園鄉公所,呂水田,鄉長,男,中國國民黨,(337)桃園縣大園鄉田心村中正西路12號,(03)3869799,9903a1@dayuan.gov.tw,1.萬能科技大學結業 2.成功工商畢業 3.大園國中畢業 4.圳頭國小畢業,1.桃園縣第14、15、16屆縣議員 2.第13屆鄉代表 3.大園鄉第12屆鄉代會副主席 4.桃園農田水利會兩屆代表 5.大園鄉調解委員會委員、主席 6.大園鄉農會兩屆理事 7.大園國中四屆家長會長 8.福忠宮管理、重建委員會主委 9.大園鄉巡守隊常務理事 10.大園鄉四季早泳會副會長 11.大園鄉體育會理事長,,http://www.dayuan.gov.tw/
099第十六屆各鄉鎮市長選舉,桃園縣,龜山鄉,桃園縣龜山鄉公所,陳　志謀,鄉長,男,民主進步黨,(333)桃園縣龜山鄉新路村中山街26號,03-3203711, ,輔仁大學法學士,第15屆龜山鄉民代表 第14.15.16屆桃園縣議員,,
099第十六屆各鄉鎮市長選舉,桃園縣,八德市,桃園縣八德市公所,何　正森,市長,男,中國國民黨,(334)桃園縣八德市興仁里中山路47號,(03)3683155,head@pader.gov.tw,南亞技術學院,一、桃園縣議員。二、八德市大忠里里長。三、八德市第一屆里長聯誼會會長。四、桃園縣建材公會理事長。五、八德四維派出所義警分隊長。六、八德後憲中心主任。七、八德市音樂協會理事長。現任：一、八德市市長。二、桃園縣壽山巖觀音寺常務董事。三、桃園景福宮顧問。四、桃園八德指玄宮顧問。,,www.pader.gov.tw
099第十六屆各鄉鎮市長選舉,桃園縣,龍潭鄉,桃園縣龍潭鄉公所,葉　發海,鄉長,男,中國國民黨,(325)桃園縣龍潭鄉龍星村中正路210號,(03)4793070,fahai@longtan.gov.tw,治中畢業、空中大學肄業,第15屆龍潭鄉長、桃園縣議員、龍潭鄉民代表會主席,無,www.longtan.gov.tw
099第十六屆各鄉鎮市長選舉,桃園縣,平鎮市,桃園縣平鎮市公所,陳　萬得,市長,男,中國國民黨,(324)桃園縣平鎮市振興路5號,(03)4572105,pja01@mail.pingjen.gov.tw,開南大學企業與創業管理碩士,桃園縣平鎮市第五、六屆市長 桃園縣議會第十五屆議員,,http://www.pingj.gov.tw/intro/dept1/master.asp
099第十六屆各鄉鎮市長選舉,桃園縣,新屋鄉,桃園縣新屋鄉公所,徐　同治,鄉長,男,無政黨,(327)桃園縣新屋鄉新屋村中山路265號,(03)4772111,cth@shinwu.gov.tw,中壢高中,新屋鄉公所清潔隊長、兵役課長、主任秘書,,http://www.shinwu.gov.tw/core/main/inpage.php?pageID=39
099第十六屆各鄉鎮市長選舉,桃園縣,觀音鄉,桃園縣觀音鄉公所,歐炳辰,鄉長,男,,(328)桃園縣觀音鄉觀音村19鄰觀新路56號,03-4732001, ,高中,,,
099第十六屆各鄉鎮市長選舉,桃園縣,復興鄉,桃園縣復興鄉公所,林　信義,鄉長,男,中國國民黨,(336)桃園縣復興鄉中正路20號,03-3821500,101@fu-hsing.gov.tw,文化大學社會工作系,(1) 教育服務經歷： 1. 奎輝、建國國民小學教師 2. 羅浮、永福、忠貞國民小學主任 3. 高義、龍源、仁善、自立國民小學校長 4. 治平高中兼任教師 (2) 社會服務經歷： 1. 桃縣第十五屆縣議員 2. 復興鄉後備軍人專題宣導教官 3. 桃園縣原住民教育審議委員會委員 4. 桃園縣鄉土教材編輯委員召集人 5. 台灣區國語文比賽泰雅語評審委員 6. 亞洲電台節目主持人 7. 基督教會青年會長、執事、長老 8. 桃園縣復興鄉民眾服務分會理事,,http://www.fu-hsing.gov.tw/content_edit.php?menu=25&typeid=3
099第十六屆各鄉鎮市長選舉,新竹縣,竹北市,新竹縣竹北市公所,楊　敬賜,市長,男,中國國民黨,(302)新竹縣竹北市竹義里中正西路50號,03-5540905,ou376446400A0001@hchg.gov.tw,萬能工專畢業,竹北市第6、7屆市長 新竹縣議會12、13、14屆議員,,http://www.chupei.gov.tw/
099第十六屆各鄉鎮市長選舉,新竹縣,竹東鎮,新竹縣竹東鎮公所,徐　兆璋,鎮長,男,中國國民黨,(310)新竹縣竹東鎮雞林里東林路88號,03-5966177,ctt03@mail.hcctt.gov.tw,1.中山國小2.二重初中3.光復中學4.親民工專（肄業）,1. 新竹縣麥克自行車協會、義消南區中隊顧問 2. 竹東鎮高爾夫委員會主委、義警分隊顧問團團長 3. 新竹縣生命線協會、健泳協會、新時代中功推廣協會、客家文化推廣協會理事長 4. 青商會顧問、長生學研習會 5. 太極門養生學會弟子 6. 竹東鎮民代表會第12屆代表、第14、15、16屆主席,無,無
099第十六屆各鄉鎮市長選舉,新竹縣,新埔鎮,新竹縣新埔鎮公所,賴　江海,鎮長,男,中國國民黨,(305)新竹縣新埔鎮新民里中正路776號,03-5881311#111,1210208@hchg.gov.tw,枋寮國小 新埔國中 內思高工 明新技術學院,新埔鎮民代表 新埔鎮民代表會副主席 新埔鎮調解委員會調解委員 新埔鎮民眾服務社理事長 枋寮國小家長會長 新竹縣議會議員 新竹縣議會財政小組召集人 新竹縣議會人民請願小組召集人 新埔鎮鎮長,無,http://www.sp.gov.tw/
099第十六屆各鄉鎮市長選舉,新竹縣,關西鎮,新竹縣關西鎮公所,吳　發仁,鎮長,男,無政黨,(306)新竹縣關西鎮西安里正義路51號,03-5877102,10007041@hchg.gov.tw,明新科技大學,1.鎮民代表 2.縣議員,,http://www.kuanhsi.gov.tw/township.asp
099第十六屆各鄉鎮市長選舉,新竹縣,湖口鄉,新竹縣湖口鄉公所,張　春鳳(女),鄉長,女,中國國民黨,(303)新竹縣湖口鄉中正村中央街1號,03-5993911#300,9988739@hchg.gov.tw,高中,鄉民代表 縣議員 鄉長,,
099第十六屆各鄉鎮市長選舉,新竹縣,新豐鄉,新竹縣新豐鄉公所,徐　茂淦,鄉長,男,中國國民黨,(304)新竹縣新豐鄉重興村新市路93號,03-5597912,adm001@hchfe.gov.tw,明新工專電子科,新豐鄉公所秘書.主任秘書.新竹縣議員,,http://www.hchfe.gov.tw
099第十六屆各鄉鎮市長選舉,新竹縣,芎林鄉,新竹縣芎林鄉公所,莊　雲嬌(女),鄉長,女,中國國民黨,(307)新竹縣芎林鄉芎林村文昌街51號,03-5921135#10,cyonglin@hchg.gov.tw,國中畢業,第四屆婦女會理事長 縣婦女會理監事 縣工商婦女委員 芎林鄉義消民防顧問 16.17.18屆芎林鄉民代表,,http://www.cyonglin.gov.tw/
099第十六屆各鄉鎮市長選舉,新竹縣,橫山鄉,新竹縣橫山鄉公所,古榮耀,鄉長,男,中國國民黨,(312)新竹縣橫山鄉新興村6鄰新興街42巷2號,03-5932001, ,碩士,,,
099第十六屆各鄉鎮市長選舉,新竹縣,北埔鄉,新竹縣北埔鄉公所,涂　春海,鄉長,男,中國國民黨,(314)新竹縣北埔鄉中山路20號,03-5802204#102,10007037@hchg.gov.tw,北埔初中畢業,新竹縣北埔鄉民代表會第16.17屆主席,,http://www.beipu.gov.tw/beipu/
099第十六屆各鄉鎮市長選舉,新竹縣,寶山鄉,新竹縣寶山鄉公所,范　玉燕,鄉長,女,無政黨,(308)新竹縣寶山鄉雙溪村雙園路2段325號,03-5202265,7841367@hchg.gov.tw,明新科技大學碩士在職專班,鄉長 議員,無,
099第十六屆各鄉鎮市長選舉,新竹縣,峨眉鄉,新竹縣峨眉鄉公所,江　寧增,鄉長,男,中國國民黨,(315)新竹縣峨眉鄉峨眉村8鄰峨眉街8號,03-5800116,1004486@hchg.gov.tw,二專畢業,峨眉鄉公所秘書 峨眉鄉後備軍人輔導中心主任 峨眉鄉民代表會主席,無,http://www.hcomt.gov.tw
099第十六屆各鄉鎮市長選舉,新竹縣,尖石鄉,新竹縣尖石鄉公所,雲　天寶,鄉長,男,中國國民黨,(313)新竹縣尖石鄉嘉樂村36號,03-5841791,J102819211@hchg.gov.tw,,,,
099第十六屆各鄉鎮市長選舉,新竹縣,五峰鄉,新竹縣五峰鄉公所,蕭　烽政,鄉長,男,,(311)新竹縣五峰鄉大隘村95號,03-5851152, ,,,,
099第十六屆各鄉鎮市長選舉,苗栗縣,苗栗市,苗栗縣苗栗市公所,邱　炳坤,市長,男,無政黨,(360)苗栗縣苗栗市建功里府前路76號,037-331910,mayor@mlcg.gov.tw,陸軍官校專第26期畢業,1.苗栗縣邱姓宗親會理事長 2.苗栗市第六、七屆市長 3.苗栗縣水上救生協會理事長 4.苗栗縣退伍軍人協會理事長,,http://web.mlcg.gov.tw/mlcg/ma
099第十六屆各鄉鎮市長選舉,苗栗縣,苑裡鎮,苗栗縣苑裡鎮公所,杜　文卿,鎮長,男,民主進步黨,(358)苗栗縣苑裡鎮客庄里信義路1號,037-862100,aaa@yuanli.gov.tw,私立育達大學企管系畢業 國立聯合大學環境與安全衛生工程學系碩士班(肄業),立法院第五、六屆立法委員 國民大會代表 立法院教育委員會召集人“兩任” 民進黨中央評議委員四屆8年 民進黨中執委兩屆4年 民進黨苗栗縣黨部主任委員五屆9年,,http://www.yuanli.gov.tw
099第十六屆各鄉鎮市長選舉,苗栗縣,通霄鎮,苗栗縣通霄鎮公所,徐　永煌,鎮長,男,無政黨,(357)苗栗縣通霄鎮通東里中正路8號,037-752104,AS08@tungshiau.gov.tw,亞洲國際公開大學碩士班,苗栗縣議會第15屆議員 通霄鎮民代表會第18屆主席,無,http://www.tungshiau.gov.tw/tungshiau/1-1.php?menuID=1301
099第十六屆各鄉鎮市長選舉,苗栗縣,竹南鎮,苗栗縣竹南鎮公所,康　世明,鎮長,男,無政黨,(350)苗栗縣竹南鎮正南里中正路215巷3號7樓,037-462101,ksm@mail.cish.mlc.edu.tw,中興大學機械系,1.立法委員康世儒服務處秘書 2.陳萬成文教基金會董事 3.君毅高級中學公關處主任 4.君毅高級中學學務處主任,,
099第十六屆各鄉鎮市長選舉,苗栗縣,頭份鎮,苗栗縣頭份鎮公所,徐　定禎,鎮長,男,無政黨,(351)苗栗縣頭份鎮仁愛里中山路232號,037-663038,"tingchen@dns,toufen.gov.tw",東吳大學企管系畢業,1.國泰人壽區主任 2.百年證券經理 3.竹南地政公務員 4.育達商業科技大學副教授 5.中華不動產估價師事務所所長 6.地價評議委員會委員 7.地政士公會理事長。,,http://www.miaoli.gov.tw/toufen/
099第十六屆各鄉鎮市長選舉,苗栗縣,後龍鎮,苗栗縣後龍鎮公所,鄭　家定,鎮長,男,中國國民黨,(356)苗栗縣後龍鎮大庄里中山路152號,037-721388,hl2111@ms1.gsn.gov.tw,國中,里長、縣議員,http://www.miaoli.gov.tw/houlong_township/,http://www.miaoli.gov.tw/houlong_township/
099第十六屆各鄉鎮市長選舉,苗栗縣,卓蘭鎮,苗栗縣卓蘭鎮公所,詹明光,鎮長,男,,(369)苗栗縣卓蘭鎮新厝里中山路127號,04-25892250, ,,現任卓蘭鎮第16屆 鎮長 國立卓蘭實驗高中校友會理事長 苗栗縣第14.15.16屆縣議員,,
099第十六屆各鄉鎮市長選舉,苗栗縣,卓蘭鎮,苗栗縣卓蘭鎮公所,詹　明光,鎮長,男,中國國民黨,(369)苗栗縣卓蘭鎮新厝里中山路127號,04-25892250,mayor@juolan.gov.tw,高中肄業,苗栗縣議員,,http://www.miaoli.gov.tw/jhuolan_township/
099第十六屆各鄉鎮市長選舉,苗栗縣,大湖鄉,苗栗縣大湖鄉公所,陳　永福,鄉長,男,中國國民黨,(364)苗栗縣大湖鄉明湖村中正路80號,(037)991111,dah01@dahu.gov.tw,高職畢,1.苗栗縣縣農會理事。 2.第18屆鄉民代表會主席。 3.大湖義勇消防隊副分隊長。,,http://www.dahu.gov.tw/dahu_township/
099第十六屆各鄉鎮市長選舉,苗栗縣,公館鄉,苗栗縣公館鄉公所,彭　德台,鄉長,男,中國國民黨,(363)苗栗縣公館鄉玉泉村14鄰368-10號,037-221209,jhp@kungkuan.gov.tw,省立苗栗農工職業學校畢業,村幹事 鄉長,,
099第十六屆各鄉鎮市長選舉,苗栗縣,銅鑼鄉,苗栗縣銅鑼鄉公所,謝　其全,鄉長,男,中國國民黨,(366)苗栗縣銅鑼鄉銅鑼村永樂路15號,037-982130,tlv01@tongluo.gov.tw,私立龍華工業專科學校,苗栗縣銅鑼鄉警察之友會主任,http://www.tongluo.gov.tw/tonglud_township/index.p,http://www.tongluo.gov.tw/tonglud_township/index.p
099第十六屆各鄉鎮市長選舉,苗栗縣,南庄鄉,苗栗縣南庄鄉公所,賴　盛為,鄉長,男,中國國民黨,(353)苗栗縣南庄鄉東村大同路3號,037-823115,a105@ems.nanchuang.gov.tw,南庄國小畢,大安電業公司負責人,,http://www.nanchuang.gov.tw/nanjhuang_township/
099第十六屆各鄉鎮市長選舉,苗栗縣,頭屋鄉,苗栗縣頭屋鄉公所,江　村貴,鄉長,男,,(362)苗栗縣頭屋鄉頭屋村中正街48號,037-250078,tw2701@ms1.gsn.gov.tw,專科畢,1.苗栗縣木球委員會主任委員 2.苗栗縣職業工會理事長 3.全國聯合總工會常務理事 4.苗栗縣身心障礙委員會委員 5.苗栗縣義消總隊顧問 6.頭屋鄉警友會顧問 7.富田國小家長會顧問 8.頭屋國小家長會顧問,,http://www.miaoli.gov.tw/touwu_township/
099第十六屆各鄉鎮市長選舉,苗栗縣,三義鄉,苗栗縣三義鄉公所,徐　文達,鄉長,男,中國國民黨,(367)苗栗縣三義鄉廣盛村復興路30號,037-872785,wenta@sanyi.gov.tw,青雲大學畢業,苗栗縣政府行政處長 苗栗縣政府國際文化觀光局長 三義鄉公所秘書 苗栗縣農會總幹事,無,http://www.sanyi.gov.tw
099第十六屆各鄉鎮市長選舉,苗栗縣,西湖鄉,苗栗縣西湖鄉公所,李　文林,鄉長,男,中國國民黨,(368)苗栗縣西湖鄉龍洞村1鄰5號,037-921515,922477@shihwu.gov.tw,後龍初級中學畢業,西湖鄉民代表會第16屆副主席、第17屆主席、第18屆主席,無,http://www.shihwu.gov.tw/sihu_township/
099第十六屆各鄉鎮市長選舉,苗栗縣,造橋鄉,苗栗縣造橋鄉公所,黃　純德,鄉長,男,無政黨,(361)苗栗縣造橋鄉造橋村14鄰3-1號,037-542713,a01@tch.gov.tw,國立苗栗高級農工職業學校畢業,造橋鄉農會11、12屆理事、13屆監事、14屆常務監事、15藉會員代表、16屆理事長。造橋鄉民代表會第15、16、17、18屆代表,無,http://www.dahu.gov.tw/zaociao_township/
099第十六屆各鄉鎮市長選舉,苗栗縣,三灣鄉,苗栗縣三灣鄉公所,曾　武雄,鄉長,男,中國國民黨,(352)苗栗縣三灣鄉三灣村11鄰親民路19號,(037)831001,ml3807@ems.miaoli.gov.tw,親民工專畢業,1.三灣鄉農會第9屆及第10屆常務監事〈70.3.6─78.3.5〉 2.三灣鄉農會第11.12.13屆總幹事 〈78年3月─90年3月〉 3.苗栗縣農會附設共同品牌管理委員會副總經理〈90年3月─95年3月〉 4.第15屆鄉長,,http://www.sanwan.gov.tw/sanwa
099第十六屆各鄉鎮市長選舉,苗栗縣,獅潭鄉,苗栗縣獅潭鄉公所,賴　癸章,鄉長,男,中國國民黨,(354)苗栗縣獅潭鄉新店村11鄰130-2號,037-931301,stan@stan.gov.tw,台中商專夜間部,獅潭農會總幹事,無,www.stan.gov.tw
099第十六屆各鄉鎮市長選舉,苗栗縣,泰安鄉,苗栗縣泰安鄉公所,柯　武勇,鄉長,男,中國國民黨,(365)苗栗縣泰安鄉清安村清安村洗水坑69號,037-941025,taian100@taian.gov.tw,社會大學肆,公所村幹事 公所課員 第15屆鄉長,無,http://sus.taian.gov.tw/taian_township/
099第十六屆各鄉鎮市長選舉,彰化縣,彰化市,彰化縣彰化市公所,邱　建富,市長,男,民主進步黨,(500)彰化縣彰化市光復里光復路74號,04-7222141,y0585314@yahoo.com.tw,大葉大學國際企業研究所在職專班碩士 東海企研班結業,彰化縣議會第15、16屆議員 ．彰化縣議會民進黨黨團幹事長、召集人 ．彰化市調解委員 ．彰化縣家具公會理事長 ．彰化縣八卦山民主福利協會會長 ．青商總會副執行長 ．彰化青商特友會2005-2006年主席 ．彰化縣慢速壘球聯誼會長 ．彰化縣邱氏宗親會理事長 ．謝長廷、蘇貞昌競選總統彰化縣競選總部執行總幹事 ．救國團彰化市團委會2008-2009年副會長,,http://www.changhua.gov.tw/?index=news_all_list
099第十六屆各鄉鎮市長選舉,彰化縣,鹿港鎮,彰化縣鹿港鎮公所,黃　振彥,鎮長,男,民主進步黨,(505)彰化縣鹿港鎮永安里民權路168號,04-7772006, ,建國科技大學,鹿港鎮民代表 彰化縣議會第16、17屆議員,,
099第十六屆各鄉鎮市長選舉,彰化縣,和美鎮,彰化縣和美鎮公所,王　水川,鎮長,男,中國國民黨,(508)彰化縣和美鎮仁愛里鹿和路6段337號,(04)7560620,ntws02@ems.homei-city.gov.tw,政大行專、省警專、陸戰士校、員林高農,第15、16屆和美鎮鎮長,,http://www.homei-city.gov.tw/sec_1_1.htm
099第十六屆各鄉鎮市長選舉,彰化縣,線西鄉,彰化縣線西鄉公所,蔡　麗娟,鄉長,女,中國國民黨,(507)彰化縣線西鄉寓埔村和線路983號,04-7584012,na9246@mail.hsiensei.gov.tw,高中,〈一〉線西鄉婦聯會主任委員。 〈二〉救國團線西鄉團委會副會長。,無,http://town.chcg.gov.tw/xianxi/02chief/chief01.asp
099第十六屆各鄉鎮市長選舉,彰化縣,伸港鄉,彰化縣伸港鄉公所,林　俊利,鄉長,男,中國國民黨,(509)彰化縣伸港鄉大同村中興路2段201號,04-7982010,sec02@shenkang.gov.tw,高中畢業,伸港鄉公所機要秘書 彰化地方法院調解委員 彰化縣消防局伸港分隊隊員,,http://www.shenkang.gov.tw/
099第十六屆各鄉鎮市長選舉,彰化縣,福興鄉,彰化縣福興鄉公所,粘　禮淞,鄉長,男,中國國民黨,(506)彰化縣福興鄉橋頭村彰鹿路七段495號,04-7772066,無,彰化高工,福興鄉民代表 彰化縣議員三屆,,http://www.fusing.gov.tw
099第十六屆各鄉鎮市長選舉,彰化縣,秀水鄉,彰化縣秀水鄉公所,余　德炎,鄉長,男,無政黨,(504)彰化縣秀水鄉安東村中山路290號,(04)7697024,ysf@ms1.hsiushiu.gov.tw,秀水國小,,,
099第十六屆各鄉鎮市長選舉,彰化縣,花壇鄉,彰化縣花壇鄉公所,李　成濟,鄉長,男,民主進步黨,(503)彰化縣花壇鄉南口村中山路二段182號,04-7865921,ntws101@ems.huatan.gov.tw,花壇國小、精誠中學、彰化高中、東海大學公共行政系畢業,彰化市公所市政顧問；民進黨彰化縣議會黨團辦公室主任；民進黨彰化縣黨部執行長；民進黨花壇鄉黨部執委、評召；精誠中學校友會秘書長；彰化縣活力旺企業協會祕書長；花壇青商會2011年會長；精誠獅子會副會長,,http://www.huatan.gov.tw
099第十六屆各鄉鎮市長選舉,彰化縣,芬園鄉,彰化縣芬園鄉公所,洪　慶章,鄉長,男,無政黨,(502)彰化縣芬園鄉社口村芬草路2段300號,(049)2522556,fenyuan@ems.fenyuan.gov.tw,高中,第12屆、13屆芬園鄉鄉長,,http://www.fenyuan.gov.tw/
099第十六屆各鄉鎮市長選舉,彰化縣,員林鎮,彰化縣員林鎮公所,張　錦昆,鎮長,男,中國國民黨,(510)彰化縣員林鎮中正里三民街18號,04-8347171, ,中州技術學院副學士,第十五屆第十六屆彰化縣議員,,
099第十六屆各鄉鎮市長選舉,彰化縣,溪湖鎮,彰化縣溪湖鎮公所,陳　文漢,鎮長,男,中國國民黨,(514)彰化縣溪湖鎮湖東里青雅路58號,(04)8852121,ch02@ems.chihu.gov.tw,中州技術學院,溪湖鎮第十五屆鎮長 溪湖鎮果菜場股份有限公司董事長 彰化縣第十五屆縣議員 中國國民黨十八全中央委員,,http://www2.chcg.gov.tw/chhgtown/town20/index.asp
099第十六屆各鄉鎮市長選舉,彰化縣,田中鎮,彰化縣田中鎮公所,鄭　俊雄,鎮長,男,中國國民黨,(520)彰化縣田中鎮斗中路1段198號,(04)8761122,n740226.old@msa.hinet.net,國立虎尾科技大學管理學院工業工程與管理研究所碩士班畢業,田中國小家長會長、田中國中副會長、北路社區發展協會理事長、田中義消分隊分隊長、彰化線潛水協會理事長、田中後備軍人輔導中心組長、國立虎尾科大校友會理事長、田中後備憲兵顧問、田中國際青年商會1999年會長、田中鎮長。,,http://www.tienchun.gov.tw/
099第十六屆各鄉鎮市長選舉,彰化縣,大村鄉,彰化縣大村鄉公所,張　良烟,鄉長,男,無政黨,(515)彰化縣大村鄉大村村中正西路338號,04-8528328,ntws120@ems.tatsun.gov.tw,員林鎮育英國民小學 省立員林中學初級部畢業 嘉南工商高職畢業,第彰化縣議員13.14.15.16屆縣議員 91年彰化農田水利會第1屆直選會務委員 彰化縣農田水利會第2屆直選會務委員,,
099第十六屆各鄉鎮市長選舉,彰化縣,埔鹽鄉,彰化縣埔鹽鄉公所,楊　福地,鄉長,男,中國國民黨,(516)彰化縣埔鹽鄉好修村中正路192號,04-8652301,py01@ems.puyan.gov.tw,中洲技術學院碩士畢業,彰化縣議會第16屆副議長 彰化縣議會第14、15屆議員 埔鹽鄉民代表會副主席 彰化農田水利會代表 彰化縣觀護協會理事長 埔鹽愛心慈善會理事長,,http://www.puyan.gov.tw
099第十六屆各鄉鎮市長選舉,彰化縣,埔心鄉,彰化縣埔心鄉公所,徐　平圳,鄉長,男,無政黨,(513)彰化縣埔心鄉義民村員鹿路2段344號,04-8296249,psaol@pusin.gov.tw,埔心國中畢業,一、彰化縣埔心鄉民代表會第十三屆主席。 二、彰化縣議會第十三屆縣議員。 三、彰化縣議會第十四屆縣議員。 四、彰化縣埔心鄉第十五、六屆鄉長。,,http://www.pusin.gov.tw/
099第十六屆各鄉鎮市長選舉,彰化縣,永靖鄉,彰化縣永靖鄉公所,李詩焱,鄉長,男,中國國民黨,(512)彰化縣永靖鄉永西村瑚璉路230號,04-8221191, ,中州技術學院畢業,彰化縣第13、14、15、16屆縣議員,,
099第十六屆各鄉鎮市長選舉,彰化縣,社頭鄉,彰化縣社頭鄉公所,蕭　如意,鄉長,男,中國國民黨,(511)彰化縣社頭鄉仁雅村社斗路1段295號,(04)8732621,san5432.chen@msa.hinet.net,永靖高工,第16屆社頭鄉代表會代表、第17屆社頭鄉代表會主席,,
099第十六屆各鄉鎮市長選舉,彰化縣,二水鄉,彰化縣二水鄉公所,陳奇煒,鄉長,男,,(530)彰化縣二水鄉裕民村南通路2段764號,04-8790100, ,高中,,,
099第十六屆各鄉鎮市長選舉,彰化縣,北斗鎮,彰化縣北斗鎮公所,楊　麗香,鎮長,女,中國國民黨,(521)彰化縣北斗鎮西德里公所街2號,04-8884166,peitou@ms1.peitou.gov.tw,螺陽國小 北斗國中 銘傳商專畢業,北斗鎮婦女會會員。 彰化縣民防總隊北斗分隊顧問。 大道社區志工。 財團法人彰化縣私立博愛服務中心顧問。,,http://www.peitou.gov.tw/
099第十六屆各鄉鎮市長選舉,彰化縣,二林鎮,彰化縣二林鎮公所,張　國棟,鎮長,男,中國國民黨,(526)彰化縣二林鎮豐田里斗苑路4段636號,04-8969901,a001@mail.erhlin.gov.tw,曉陽商工畢業,二林鎮農會第13屆理事長 彰化縣議會第15.16屆縣議員 中華民國十大傑出農村青年 二林國際獅子會會長 二林高中校友會顧問 二林義消大隊顧問 二林民眾服務社理事長 二林後備軍人輔導中心督導員 二林老人會顧問,,http://www.erhlin.gov.tw/
099第十六屆各鄉鎮市長選舉,彰化縣,田尾鄉,彰化縣田尾鄉公所,莊　仁舜,鄉長,男,中國國民黨,(522)彰化縣田尾鄉公所路201號,(04)8832171,063@ems.tienwei.gov.tw,,,,
099第十六屆各鄉鎮市長選舉,彰化縣,埤頭鄉,彰化縣埤頭鄉公所,吳　錦潭,鄉長,男,無政黨,(523)彰化縣埤頭鄉合興村斗苑西路138號,04-8922117,ntws99@ems.pitou.gov.tw,埤頭國中,1、。埤頭國際同濟會2001~2002會長。2、巡守隊顧問。3、鄉體育會理事長 4、 鄉調解委員會委員 。5、 埤頭警友站顧問團長 6、鄉民代表會第十五屆代表。7、 鄉民代表第十六、十七屆主席。,無,www.pitou.gov.tw
099第十六屆各鄉鎮市長選舉,彰化縣,芳苑鄉,彰化縣芳苑鄉公所,林　清彬,鄉長,男,中國國民黨,(528)彰化縣芳苑鄉芳苑村斗苑路芳苑段202號,04-8983102,ntws01@ems.fangyuan.gov.tw,高職畢業,第15屆鄉長 連任第16屆鄉長,,http://www.fangyuan.gov.tw
099第十六屆各鄉鎮市長選舉,彰化縣,大城鄉,彰化縣大城鄉公所,吳　明玉(男),鄉長,男,無政黨,(527)彰化縣大城鄉東城村中平路185號,(04)8942980,ntws66@ems.tachemg.gov.tw,教育部辦理專科學校鑑定合格,大城鄉鄉民代表,,
099第十六屆各鄉鎮市長選舉,彰化縣,竹塘鄉,彰化縣竹塘鄉公所,蔡　永稽,鄉長,男,無政黨,(525)彰化縣竹塘鄉竹塘村竹林路1段305號,(04)8972011,ntws41@ems.chatang.gov.tw,大城高職,第12.13屆竹塘鄉民代表主席 第14屆鄉民代表 第15屆鄉長,,210.241.89.100/
099第十六屆各鄉鎮市長選舉,彰化縣,溪州鄉,彰化縣溪州鄉公所,黃　盛祿,鄉長,男,民主進步黨,(524)彰化縣溪州鄉尾厝村溪下路4段560號,(04)8896100,babybetty2139@gmail.com,中央警官學校畢業,1.田中分局田中派出所主管 2.田中分局社頭分駐所所長 3.彰化分局中華路派出所主管 4.彰化警察局刑警大隊組長 5.員林分局偵查隊隊長 6.北斗分局偵查隊隊長,http://www.hsichou.gov.tw/newweb/index.asp,hsichou@xuite.net
099第十六屆各鄉鎮市長選舉,南投縣,南投市,南投縣南投市公所,許　淑華(女),市長,女,中國國民黨,(540)南投縣南投市龍泉里玉井街5號,(049)2222110, ,,,,http://www.ntc.gov.tw/
099第十六屆各鄉鎮市長選舉,南投縣,埔里鎮,南投縣埔里鎮公所,周　義雄,鎮長,男,中國國民黨,(545)南投縣埔里鎮北門里中山路二段239號,(049)2984040, ,,,,
099第十六屆各鄉鎮市長選舉,南投縣,草屯鎮,南投縣草屯鎮公所,洪　國浩,鎮長,男,民主進步黨,(542)南投縣草屯鎮中山里草鞋墩一街8號,049-2338161,a241147@mail.tsaotun,專科畢業,1.台灣省政府建設廳技士 2.台灣省都市計畫委員會技佐 3.草屯鎮公所秘書.主任秘書 4.台灣省南投農田水利會會長二屆 5.台灣省諮議會諮議員,,
099第十六屆各鄉鎮市長選舉,南投縣,竹山鎮,南投縣竹山鎮公所,朱　寶珍,鎮長,男,中國國民黨,(557)南投縣竹山鎮雲林里公所路100號,049-2642175, ,中州技術學院肄業,竹山鎮兵役協會主任委員 竹山鎮體育會理事長 竹山鎮民代表會主席 竹山鎮鎮長,,
099第十六屆各鄉鎮市長選舉,南投縣,集集鎮,南投縣集集鎮公所,嚴　鴻邦,鎮長,男,中國民主黨,(552)南投縣集集鎮玉映里民生路61號,049-2762034,2763333@CHI-CHI.GOV.TW,立人高中,集集鎮永昌里第14-19屆里長,,
099第十六屆各鄉鎮市長選舉,南投縣,名間鄉,南投縣名間鄉公所,陳　聰鑑,鄉長,男,無政黨,(551)南投縣名間鄉中正村中正村彰南路40號,(049)2732116, ,高職,,,
099第十六屆各鄉鎮市長選舉,南投縣,鹿谷鄉,南投縣鹿谷鄉公所,黃　東灝,鄉長,男,中國國民黨,(558)南投縣鹿谷鄉彰雅村鹿谷村中正路二段73號,(049)2755728, ,中學,鹿谷鄉民代表會代表 鹿谷鄉民代表會主席,,
099第十六屆各鄉鎮市長選舉,南投縣,中寮鄉,南投縣中寮鄉公所,張 永輝,鄉長,男,無政黨,(541)南投縣中寮鄉永平村永平路270號,049-2692301,yeong-huei@ms1.joliu.gov.tw,國立彰化高工畢業,一、中寮鄉民代表會主席 二、中寮鄉調解委員會主席 三、中寮鄉義消顧問團團長 四、南投縣第16屆縣議員,,http://village.nantou.gov.tw/chungliao/
099第十六屆各鄉鎮市長選舉,南投縣,魚池鄉,南投縣魚池鄉公所,陳　錦倫,鄉長,男,民主進步黨,(555)南投縣魚池鄉魚池村秀水巷33號,(049)2895371, ,亞洲大學休閒遊憩管理碩士,南投縣第14.15.16屆縣議員,,
099第十六屆各鄉鎮市長選舉,南投縣,國姓鄉,南投縣國姓鄉公所,林　福峯,鄉長,男,中國國民黨,(544)南投縣國姓鄉石門村國姓路267號,049-2721002, ,埔里高農,現任： 南投縣客家協會理事長 南投縣民眾服務社理事長 國姓義勇消防隊顧問團副團長 國姓婦宣隊顧問 經歷： 第15屆國姓鄉長 南投縣議員 第16屆國姓鄉民代表會副主席 第14、15屆國姓鄉民代表 南投縣養鹿協會理事長 南投縣客家協會常務監事 南投縣後備司令部國姓鄉主任 北山國中家長會長 南港國小家長會副會長,,
099第十六屆各鄉鎮市長選舉,南投縣,水里鄉,南投縣水里鄉公所,江　龍漢,鄉長,男,無政黨,(553)南投縣水里鄉鉅工村民生路112號,(049)2772141,mator1@ms1.shli.gov.tw,私立慈明商工畢,水里鄉民和村第15、16屆村長 水里國際獅子會2006-2007年會長 水里鄉民代表會第16屆副主席 水里鄉民代表會第17屆代表 水里國際扶輪社社友 水里義消顧問 水里國際獅子會會員 永豐村守望相助隊顧問,,http://www.shli.gov.tw
099第十六屆各鄉鎮市長選舉,南投縣,信義鄉,南投縣信義鄉公所,史　強,鄉長,男,中國國民黨,(556)南投縣信義鄉明德村玉山路47號,049-2791515,chang188@mail.shini.gov.tw,國立中興大學農學院 土壤環境科學系研究所畢業,南投縣政府原住民行局代理局長 南投縣政府秘書、建設課長 行政院原住民族委員會企劃處副處長,,http://www.shini.gov.tw
099第十六屆各鄉鎮市長選舉,南投縣,仁愛鄉,南投縣仁愛鄉公所,張　子孝,鄉長,男,中國國民黨,(546)南投縣仁愛鄉大同村仁和路29號,049-2802534, ,陸軍軍官學校,,,
098第九屆各鄉鎮市長選舉,雲林縣,斗六市,雲林縣斗六市公所,謝　淑亞,市長,女,中國國民黨,(640)雲林縣斗六市鎮西里府文路38號,05-5336581,shu.yaol@msa.hinet.net,東吳大學英文系畢 美國威斯康辛大學教育碩士畢,雲林縣議會議員 雲林縣農會總幹事,,
099第十六屆各鄉鎮市長選舉,雲林縣,斗南鎮,雲林縣斗南鎮公所,張　勝雄,鎮長,男,民主進步黨,(630)雲林縣斗南鎮西岐里文昌路200號,05-5973217,dounan@mail.dounan.gov.tw,嘉南高職畢業,1斗南鎮民代表會第10.11.12屆代表 2斗南鎮民代表會第13屆主席 3斗南鎮第11屆鎮長 4現任斗南鎮第19屆鎮長,,http://www.dounan.gov.tw
099第十六屆各鄉鎮市長選舉,雲林縣,虎尾鎮,雲林縣虎尾鎮公所,林　文彬,鎮長,男,民主進步黨,(632)雲林縣虎尾鎮行政路6號,(05)6332865,huwei1819@yahoo.com.tw,國立政治大學公共行政系碩士班畢,國立政治大學公共行政系碩士班畢,,http://www.huwei.gov.tw
099第十六屆各鄉鎮市長選舉,雲林縣,西螺鎮,雲林縣西螺鎮公所,蕭　澤梧,鎮長,男,中國民主進步黨,(648)雲林縣西螺鎮漢光里7鄰漢光1號,05-5863203,secret01@mail.hsilo.gov.tw,世界新聞專科學校畢業,1.友森建設（股）公司總經理 2.西螺扶輪社社長 3.螺陽文教基金會創會董事。 4.曾任：８８年至９４年西螺鎮調解委員會主 席 5.西螺慈惠堂主任委員 6.螺陽文教基金會監事國際扶輪社３４７０地區助理總監,,西螺鎮公所
099第十六屆各鄉鎮市長選舉,雲林縣,土庫鎮,雲林縣土庫鎮公所,張　源鐘,鎮長,男,中國國民黨,(633)雲林縣土庫鎮石廟里10鄰中興路175號,05-6623211, ,虎尾高中畢業,第17屆土庫鎮民代表 第15屆土庫鎮鎮長,,http://www.tuku.gov.tw
099第十六屆各鄉鎮市長選舉,雲林縣,北港鎮,雲林縣北港鎮公所,蕭　永義,鎮長,男,,(651)雲林縣北港鎮新街里北辰路1號,05- 7822009,yng501@ms1.gsn.gov.tw,南陽國小 北港國中 北港農工,北港鎮南安里15.16.17.18屆里長,,http://www.beigang.gov.tw/
099第十六屆各鄉鎮市長選舉,雲林縣,古坑鄉,雲林縣古坑鄉公所,林　慧如(女),鄉長,女,民主進步黨,(646)雲林縣古坑鄉古坑村中山路40號,(05)5821001*200,gukeng206@mail.gukeng.gov.tw,國立政治大學國貿系畢業,第12、13、14、15屆雲林縣縣議員 第15屆古坑鄉鄉長,,http://www.gukeng.gov.tw
099第十六屆各鄉鎮市長選舉,雲林縣,大埤鄉,雲林縣大埤鄉公所,謝　明平,鄉長,男,民主進步黨,(631)雲林縣大埤鄉北和村北和村中山路8號,(05)5912116*202,a010@msmail.tapi.gov.tw,土庫高商,雲林縣體育會常務理事 大埤鄉農會代表 大埤鄉後備軍人輔導中心主任 雲林縣後備指揮部發展委員 2009年劉建國立委補選大埤總部總幹事 縣長 蘇治芬秘書,http：//www.tapi.gov.tw,http：//www.tapi.gov.tw
099第十六屆各鄉鎮市長選舉,雲林縣,莿桐鄉,雲林縣莿桐鄉公所,鍾　明馨,鄉長,男,無政黨,(647)雲林縣莿桐鄉莿桐村和平路53號,(05)5844661*221,ws91@mail.cihtong.gov.tw,莿桐國中畢,雲林縣莿桐鄉民代表會第16屆副主席 雲林縣莿桐鄉民代表會第17屆主席 雲林縣莿桐鄉第15屆鄉長,,http://www.cihtong.gov.tw/
099第十六屆各鄉鎮市長選舉,雲林縣,林內鄉,雲林縣林內鄉公所,邱　世文,鄉長,男,全民廉政無黨聯盟,(643)雲林縣林內鄉林中村中正路340號,(05)5892001#201,steven1@mse.lina.gov.tw,佛光大學,林內鄉讀書會創辦人 雲林監獄戒治講師 雲林縣家庭教育中心制供總幹事,,http://www.linnei.gov.tw/content/index.asp?m=1&m1=8&m2=75
099第十六屆各鄉鎮市長選舉,雲林縣,二崙鄉,雲林縣二崙鄉公所,廖　朝魁,鄉長,男,中國國民黨,(649)雲林縣二崙鄉崙西村中興路5號,05-5982001,wsi171@ems.ehlg.gov.tw,義賢國民小學 二崙國民中學 西螺農工畢 警察學校第97期畢 警察行政丙等特考及格,公路警察局大隊隊員 雲林縣柔道協會顧問 二崙鄉獅子會會長 二崙鄉青年工作會會長 雲林縣第13、14、15屆縣議員 第15屆二崙鄉鄉長,,
099第十六屆各鄉鎮市長選舉,雲林縣,崙背鄉,雲林縣崙背鄉公所,李　永茂,鄉長,男,無政黨,(637)雲林縣崙背鄉東明村行政街1號,05-6961399,sec08@lunbei.gov.tw,大成商工職校初級部畢業,崙背郵局郵務士36年 第18屆南陽村村長,,http://10.10.10.1/index.asp
099第十六屆各鄉鎮市長選舉,雲林縣,麥寮鄉,雲林縣麥寮鄉公所,林　松利,鄉長,男,無政黨,(638)雲林縣麥寮鄉麥津村中興路117號,05-6932264,mla06@ems.mlvillage.gov.tw,麥寮國小畢,第15屆麥寮鄉鄉長,,http://www.mlvillage.gov.tw
099第十六屆各鄉鎮市長選舉,雲林縣,東勢鄉,雲林縣東勢鄉公所,陳　志揚,鄉長,男,無政黨,(635)雲林縣東勢鄉東南村所前街3號,05-6996678,chen6991571@yahoo.com.tw,專科畢,東勢鄉公所秘書,,http://www.dongshih.gov.tw/
099第十六屆各鄉鎮市長選舉,雲林縣,褒忠鄉,雲林縣褒忠鄉公所,張　政國,鄉長,男,全民廉政無黨聯盟,(634)雲林縣褒忠鄉中正路451號,(05)6972005,secrecary0123@yahoo.com.tw,吳鳳技術學院國際企業管理學系學士學位,褒忠鄉第14、15屆秘書,,
099第十六屆各鄉鎮市長選舉,雲林縣,台西鄉,雲林縣台西鄉公所,李　培元,鄉長,男,無政黨,(636)雲林縣台西鄉台西村中山路293號,05-6982004,6982004@mail.taihsi.gov.tw,嘉南商工,台西鄉民代表會第17屆代表主席,,
099第十六屆各鄉鎮市長選舉,雲林縣,元長鄉,雲林縣元長鄉公所,李　泗濱,鄉長,男,全民廉政無黨聯盟,(655)雲林縣元長鄉長南村仁愛街2號,05-7882222,a101@yuanchang.gov.tw,空中行專畢業,元長鄉村幹事 兵役、建設課長 主任秘書,,
099第十六屆各鄉鎮市長選舉,雲林縣,四湖鄉,雲林縣四湖鄉公所,王　呈,鄉長,男,中國國民黨,(654)雲林縣四湖鄉湖西村中山西路44號,05-7872215,lon70169@yahoo.com.tw,飛沙國小、北港初中、省立土庫高商畢業,四湖鄉農會第十三、十四屆理事長 四湖鄉民代表會第十二、十三、十四、十五、十六、十七屆鄉民代表,,http://www.zuhu.gov.tw/home.asp
099第十六屆各鄉鎮市長選舉,雲林縣,口湖鄉,雲林縣口湖鄉公所,蔡　永常,鄉長,男,全民廉政無黨聯盟,(653)雲林縣口湖鄉湖東村中正路118號,(05)7892001,a3@kouhu.gov.tw,北港農工肄業,雲林區漁會理事長 國大代表 雲林縣議員 北港朝天宮董事長 北港朝天宮董事,無,
099第十六屆各鄉鎮市長選舉,雲林縣,水林鄉,雲林縣水林鄉公所,陳　怡帆(女),鄉長,女,民主進步黨,(652)雲林縣水林鄉水北村水林路12號,05-7850001,cricann@shuilin.gov.tw,大葉大學畢業,水林鄉第15屆代理鄉長,,http://www.shuilin.gov.tw/
099第十六屆各鄉鎮市長選舉,嘉義縣,太保市,嘉義縣太保市公所,董　國誠,市長,男,民主進步黨,(612)嘉義縣太保市太保里太保里66號,(05)3711106,0937917917@mail.cyhg.gov.tw,稻江管理學院國際企業管理學系畢業,嘉義縣第15屆議員.太保市第5屆市長,,
099第十六屆各鄉鎮市長選舉,嘉義縣,朴子市,嘉義縣朴子市公所,王　如經,市長,男,無政黨,(613)嘉義縣朴子市平和里光復路34號,(05)3793460,wang3700151@yahoo.com.tw,稻江科技暨管理學院畢業,縣議員,,http://puzih.cyhg.gov.tw
099第十六屆各鄉鎮市長選舉,嘉義縣,布袋鎮,嘉義縣布袋鎮公所,蔡　坤彬,鎮長,男,民主進步黨,(625)嘉義縣布袋鎮興中里15鄰自由路2號,05-3471585,cyhgc300@mail.cyhg.gov.tw,私立大同高商畢業,1.國安西藥房負責人 2.國安沖印負責人 3.嘉義市第12屆攝影協會監事,無,無
099第十六屆各鄉鎮市長選舉,嘉義縣,大林鎮,嘉義縣大林鎮公所,黃　貞瑜(女),鎮長,女,民主進步黨,(622)嘉義縣大林鎮三和里中興路2段239號,05-2652135,cyhgc401@mail.cyhg.gov.tw,國立政治大學政治研究所碩士,大林鎮代理鎮長,,http://www.dalin.gov.tw/cht/in
099第十六屆各鄉鎮市長選舉,嘉義縣,民雄鄉,嘉義縣民雄鄉公所,陳　福成,鄉長,男,無政黨,(621)嘉義縣民雄鄉中樂村文化路7號,05-2262101,cyhgc500@mail.cyhg.gov.tw,,,,
099第十六屆各鄉鎮市長選舉,嘉義縣,溪口鄉,嘉義縣溪口鄉公所,劉　純婷,鄉長,女,民主進步黨,(623)嘉義縣溪口鄉溪北村中山路89號,05-2691559,flower270@yahoo.com.tw,國立高雄大學財經法律系畢業,溪口衛生所群體醫療基金會計,,sikou.cyhg.gov.tw
099第十六屆各鄉鎮市長選舉,嘉義縣,新港鄉,嘉義縣新港鄉公所,邱　晋煌,鄉長,男,無政黨,(616)嘉義縣新港鄉宮前村中山路155號,(05)3742104-6,cyhgc700@mail.cyhg.gov.tw,大專畢業,新港鄉農會理事長 財團法人新港文教基金會董事長,無,singang.gov.tw
099第十六屆各鄉鎮市長選舉,嘉義縣,六腳鄉,嘉義縣六腳鄉公所,黃　錦成,鄉長,男,民主進步黨,(615)嘉義縣六腳鄉蒜頭村73號,(05)3801121,cyhgc800@mail.cyhg.gov.tw,北港農工畢 凱達格蘭學校地方發展班結業 稻江科技管理學院進修班,"六腳鄉第15屆鄉長,六腳鄉民代表會第15屆副主席、第16屆主席",無,http://lioujiao.cyhg.gov.tw/
099第十六屆各鄉鎮市長選舉,嘉義縣,東石鄉,嘉義縣東石鄉公所,林　純金,鄉長,男,中國國民黨,(614)嘉義縣東石鄉東石村3號,05-3732201,cyhgc907@mail.cyhg.gov.tw,大學畢業,1、第15.16屆東石鄉鄉長 2、現任本鄉龍港村慶福宮主任委員 3、嘉義縣農會第14.15屆理事長 4、嘉義縣農會第13屆常務監事,無,http://dongshih.cyhg.gov.tw/home.asp
099第十六屆各鄉鎮市長選舉,嘉義縣,義竹鄉,嘉義縣義竹鄉公所,黃　金茂,鄉長,男,中國國民黨,(624)嘉義縣義竹鄉新店村仁里村389號,(05)3411312,cyhgca00@mail.cyhg.gov.tw,高中畢,義竹鄉鄉民代表副主席 義竹鄉鄉長,無,無
099第十六屆各鄉鎮市長選舉,嘉義縣,鹿草鄉,嘉義縣鹿草鄉公所,林　沐惠,鄉長,男,民主進步黨,(611)嘉義縣鹿草鄉西井村西井村287號,(05)3752711,LINGMUH@mail.cyhg.gov.tw,大學畢,鄉長,,http//www.lutsau.gov.tw
099第十六屆各鄉鎮市長選舉,嘉義縣,水上鄉,嘉義縣水上鄉公所,王　啟澧,鄉長,男,中國國民黨,(608)嘉義縣水上鄉水上村正義路141號,05-2682406, ,大學,1.興華中學教師 2.水上鄉公所秘書 3.嘉義縣政府計劃室主任 4.嘉義縣巡守隊協會理事長 5.國民黨嘉義縣黨部義務副主任委員 6.水上鄉第15屆鄉長,,
099第十六屆各鄉鎮市長選舉,嘉義縣,中埔鄉,嘉義縣中埔鄉公所,許彰敏,鄉長,男,,(606)嘉義縣中埔鄉中埔村中埔村128號,05-2533321,cyhg2836@mail.cyhg.gov.tw,嘉義大學碩士,,,
099第十六屆各鄉鎮市長選舉,嘉義縣,竹崎鄉,嘉義縣竹崎鄉公所,溫　良恭,鄉長,男,無政黨,(604)嘉義縣竹崎鄉竹崎村中山路59號,(05)2611030,cyhgceoo@mail.cghg.gov.tw,竹崎國中,曾任竹崎鄉農會理監事(五屆)、竹崎鄉農會理事長、竹崎鄉民代表（兩屆）、台北市果菜公司常駐監察人 竹崎村村長(兩屆),無,www.chuchi.qov.tw
099第十六屆各鄉鎮市長選舉,嘉義縣,梅山鄉,嘉義縣梅山鄉公所,劉　宏文,鄉長,男,民主進步黨,(603)嘉義縣梅山鄉梅北村中山路282號,(05)2622121,cyhgcf00@mail.cyhg.gov.tw,高職畢業,梅山文教基金會董事 梅山鄉第十五屆鄉民代表主席 嘉義縣議會第十四屆十五屆十六屆議員,,http://www.meishan.gov.tw
099第十六屆各鄉鎮市長選舉,嘉義縣,番路鄉,嘉義縣番路鄉公所,程家標,鄉長,男,,(602)嘉義縣番路鄉下坑村菜公店101號,05-2591951, ,國立勤益科技工專畢業,1.村幹事 2.嘉義市議會組員 3.番路鄉代表會組員 4.番路鄉公所秘書,,
099第十六屆各鄉鎮市長選舉,嘉義縣,大埔鄉,嘉義縣大埔鄉公所,黃　國明,鄉長,男,無政黨,(607)嘉義縣大埔鄉大埔村54號,05-2521310,cyhgch00@mail.cyhg.gov.tw,國中,後備軍人中心主任 兵役協會主任委員 大埔鄉農會理事監事　　　嘉義縣農會代表 嘉義地方法院觀護協會理監事 大埔鄉民代表,無,http://www.dapu.gov.tw
099第十六屆各鄉鎮市長選舉,嘉義縣,阿里山鄉,嘉義縣阿里山鄉公所,陳　明利,鄉長,男,中國國民黨,(605)嘉義縣阿里山鄉樂野村2鄰69號,05-2562542,alishan@mail.cyhg.gov.tw,淡江高中,農業推廣員、 村幹事、 課員、 課長,,http://www.alishan.gov.tw/
099第十六屆各鄉鎮市長選舉,屏東縣,屏東市,屏東縣屏東市公所,葉　壽山,市長,男,中國國民黨,(900)屏東縣屏東市台糖街61號,(08)7535600,leaf@ptcg.gov.tw,國防醫學院碩士,第15屆屏東縣議員 第15屆屏東市長 第16屆現任屏東市長,www.yeh shou shan.idv.tw,www.ptcg.gov.tw
099第十六屆各鄉鎮市長選舉,屏東縣,潮州鎮,屏東縣潮州鎮公所,洪　明江,鎮長,男,民主進步黨,(920)屏東縣潮州鎮光華里中山路38號,(08)7892472, ,大學,,,
099第十六屆各鄉鎮市長選舉,屏東縣,東港鎮,屏東縣東港鎮公所,王　憲昭,鎮長,男,民主進步黨,(928)屏東縣東港鎮新勝里中山路2-100號,(08)8324131-4, ,屏東高工畢業,東港鎮第13.15屆鎮長,,
099第十六屆各鄉鎮市長選舉,屏東縣,恆春鎮,屏東縣恆春鎮公所,葉　明順,鎮長,男,無政黨,(946)屏東縣恆春鎮城南里天文路1號,08-8898882,無,國中,屏東縣恆春鎮第15屆鎮民代表會主席、屏東縣議會第15屆縣議員、屏東縣恆春鎮第15屆鎮長,http://tw.myblog.yahoo.com/mingshun-wenchu/,http://www.hengchuen.gov.tw/
099第十六屆各鄉鎮市長選舉,屏東縣,萬丹鄉,屏東縣萬丹鄉公所,郭　寶聯,鄉長,男,中國國民黨,(913)屏東縣萬丹鄉萬後村和平西路155號,08-7772985,Wandan1@mail.wandan.gov.tw,中國文化大學畢,第十五屆鄉長,,http://www.pthg.gov.tw/townwto/Index.aspx
099第十六屆各鄉鎮市長選舉,屏東縣,長治鄉,屏東縣長治鄉公所,許　玉秀,鄉長,女,民主進步黨,(908)屏東縣長治鄉進興村潭頭路1號,08-7368215, ,高職畢,長治鄉第17、18屆鄉民代表,,http://www.pthg.gov.tw/TownCgt
099第十六屆各鄉鎮市長選舉,屏東縣,麟洛鄉,屏東縣麟洛鄉公所,李　新煌,鄉長,男,民主進步黨,(909)屏東縣麟洛鄉麟蹄村中山路158號,08-7222553,無,華洲工商職業學校,曾任代表會主席,無,http://www.pthg.gov.tw/townllt/index.aspx
099第十六屆各鄉鎮市長選舉,屏東縣,九如鄉,屏東縣九如鄉公所,許　重慶,鄉長,男,民主進步黨,(904)屏東縣九如鄉東寧村九如路二段416號,(08)7392210,p102@mail.jiouru.gov.tw,大仁科技大學專科畢業,屏東縣九如鄉第15屆鄉長〈自95年3月1日至99年2月28日〉屏東縣九如鄉公所秘書〈自91年3月1日至94年9月30日〉,,http://www.pthg.gov.tw/TownJrt/Index.aspx
099第十六屆各鄉鎮市長選舉,屏東縣,里港鄉,屏東縣里港鄉公所,盧　文瑞,鄉長,男,無政黨,(905)屏東縣里港鄉永春村永春村中山路104號,08-7752114,lijauder@ms72.hinet.net,私立屏榮高工,里港鄉代會11屆副主席 屏東縣議會15屆議員 里港鄉第15、16屆鄉長,無,無
099第十六屆各鄉鎮市長選舉,屏東縣,鹽埔鄉,屏東縣鹽埔鄉公所,鄭　雙銓,鄉長,男,中國國民黨,(907)屏東縣鹽埔鄉鹽南村勝利路32號,(08)7932126, ,大仁科大文化創意產業研究所,第十五屆鄉長,,
099第十六屆各鄉鎮市長選舉,屏東縣,高樹鄉,屏東縣高樹鄉公所,廖　文賢,鄉長,男,無政黨,(906)屏東縣高樹鄉高樹村興中路330號,08-7962610,k001@ems.ptts1101.gov.tw,大仁科技大學,95-99高樹鄉民代表會主席 現任鄉長,無,http://www.pthg.gov.tw/TOWNGTO
099第十六屆各鄉鎮市長選舉,屏東縣,萬巒鄉,屏東縣萬巒鄉公所,林　碧乾,鄉長,男,民主進步黨,(923)屏東縣萬巒鄉萬和村中正路36號,08-7812460,無,國立成功大學交通管理系畢業,第16屆萬巒鄉民代表,無,
099第十六屆各鄉鎮市長選舉,屏東縣,內埔鄉,屏東縣內埔鄉公所,利　八魁,鄉長,男,民主進步黨,(912)屏東縣內埔鄉內埔村廣濟路26號,08-7792001, ,學歷： 內埔中學畢業 東港水產高級職業學校畢業 凱逹格蘭學校地方發展班結業 2010南方領袖教育學院結業,經歷： 內埔鄉第15屆鄉民代表 內埔鄉第16屆鄉民代表 代表會主席 內埔鄉第17屆鄉民代表會主席 內埔鄉第18屆鄉民代表 內埔鄉第24、25屆調解委員 民進黨內埔鄉黨部第8、9屆主任委員,,
099第十六屆各鄉鎮市長選舉,屏東縣,竹田鄉,屏東縣竹田鄉公所,陳　懋進,鄉長,男,民主進步黨,(911)屏東縣竹田鄉竹田村中正路123號,(08)7712037,a003@mail.jutian.gov.tw,高職,竹田鄉民代表第17.18屆代表,,無
099第十六屆各鄉鎮市長選舉,屏東縣,新埤鄉,屏東縣新埤鄉公所,何　耀榮,鄉長,男,中國國民黨,(925)屏東縣新埤鄉新埤村中正路40號,(08)7973800,b17@mail.shinpi;.gov.tw,陸官畢業,第13、15、16屆鄉長,,新埤鄉公所
099第十六屆各鄉鎮市長選舉,屏東縣,枋寮鄉,屏東縣枋寮鄉公所,林　豐精,鄉長,男,無政黨,(940)屏東縣枋寮鄉枋寮村德興路36號,08-8782012,flu99@mail.fanglian.gov.tw,二專畢業,1. 里港鄉民代表會秘書 2. 里港鄉第11、12屆鄉長 3. 屏東縣議會第14、15屆議員 4. 屏東縣政府行政處科長 5.屏東縣政府民政處兵役科長,,http://www.pthg.gov.tw/TownFto/Index.aspx
099第十六屆各鄉鎮市長選舉,屏東縣,新園鄉,屏東縣新園鄉公所,陳　武昌,鄉長,男,無政黨,(932)屏東縣新園鄉仙吉村仙吉村仙吉路148號,(08)8681001,s93@mail.shiyuan.gov.tw,國中畢,鄉民代表,,http://www.pthg.gov.tw/TownSyt/Index.aspx
099第十六屆各鄉鎮市長選舉,屏東縣,崁頂鄉,屏東縣崁頂鄉公所,林　家和,鄉長,男,無政黨,(924)屏東縣崁頂鄉崁頂村中正路230號,08-8631144,kd001@mail.kanding.gov.tw,屏東高工(初中部)畢,16.17.18屆崁頂村長,無,
099第十六屆各鄉鎮市長選舉,屏東縣,林邊鄉,屏東縣林邊鄉公所,鄭　信政,鄉長,男,無政黨,(927)屏東縣林邊鄉仁和村中山路279號,08-8755123,chenghsincheng@yahoo.com.tw,陸軍軍官學校正46期畢業,林邊鄉國際獅子會會長 林邊鄉體育會理事長 林邊鄉生活美學會理事長 林邊鄉輔導中心主任,無,http://www.pthg.gov.tw/
099第十六屆各鄉鎮市長選舉,屏東縣,南州鄉,屏東縣南州鄉公所,吳　永基,鄉長,男,無政黨,(926)屏東縣南州鄉仁里村仁里路11號,08-8642555,無,南州國中畢,第16屆南州鄉民代表會副主席、第17屆南州鄉民代表會主席、第15屆南州鄉長,無,http://www.nanchoue.gov.tw
099第十六屆各鄉鎮市長選舉,屏東縣,佳冬鄉,屏東縣佳冬鄉公所,賴　清華,鄉長,男,民主進步黨,(931)屏東縣佳冬鄉佳冬村佳昌路2號,(08)8662417,otcer@mail.jiadung.gov.tw,佳冬農校畢業,佳冬鄉民代表會 代表,http://www.pthg.gov.tw/TownJto/Index.aspx,http://www.pthg.gov.tw/TownJto
099第十六屆各鄉鎮市長選舉,屏東縣,琉球鄉,屏東縣琉球鄉公所,蔡天裕,鄉長,男,無政黨,(929)屏東縣琉球鄉中福村行政路12號,08-8612501,無,高職畢業,94年全國義消楷模鳯凰獎、 95年全國傑出漁民、屏東縣琉球鄉義勇消防隊分隊長、屏東縣漁民海難救助金管理委員會委員、台灣兩岸農漁業交流發展協會監事、屏東縣警察之友會東港辦事處副主任,無,無
099第十六屆各鄉鎮市長選舉,屏東縣,車城鄉,屏東縣車城鄉公所,林　錫章,鄉長,男,民主進步黨,(944)屏東縣車城鄉福興村中山路53號,08-8821071,mastar@mail.cheng.gov.tw,縣立恆春高中畢業,車城鄉第16屆鄉民代表會主席 車城鄉獅子會會長 車城鄉發展促進協會理事長 大山羊肉餐廳負責人 大山溫泉農場負責人,無,
099第十六屆各鄉鎮市長選舉,屏東縣,滿州鄉,屏東縣滿州鄉公所,熊　師範,鄉長,男,無政黨,(947)屏東縣滿州鄉滿州村中山路43號,08-8801105,manjhou2008@hotmail.com,私立東海大學政治系畢,滿州國中教師 丹鳳國中教師,http://www.manjhou.url.tw/homepage_1_head.html,http://www.manjhou.url.tw/
099第十六屆各鄉鎮市長選舉,屏東縣,枋山鄉,屏東縣枋山鄉公所,周　巧雲,鄉長,女,無政黨,(941)屏東縣枋山鄉枋山村枋山路82號,08-8761107,無,新竹光復中學畢業,枋山地區農會職員,無,無
099第十六屆各鄉鎮市長選舉,屏東縣,三地門鄉,屏東縣三地門鄉公所,潘　勝富,鄉長,男,,(901)屏東縣三地門鄉三地村中正路１００號,08-7991104,pan12192002@yahoo.com.tw,高雄工專,村幹事、民政課課長、觀光課課長、建設課課長、行政課課長,,
099第十六屆各鄉鎮市長選舉,屏東縣,霧臺鄉,屏東縣霧臺鄉公所,顏　金成,鄉長,男,中國國民黨,(902)屏東縣霧臺鄉霧台村神山巷73號,(08)7902234, ,國立台灣師範大學,一.國中教師組長主任 二.霧台鄉後備軍人輔導中心主任 三.霧台鄉義警大隊副隊長,,
099第十六屆各鄉鎮市長選舉,屏東縣,瑪家鄉,屏東縣瑪家鄉公所,陳　生明,鄉長,男,中國國民黨,(903)屏東縣瑪家鄉北葉村風景巷85號,08-7991922,chsm400317@yahoo.com.tw,國立屏東師範學院語文教育研究所,1.國小教師2.教務主任,無,無
099第十六屆各鄉鎮市長選舉,屏東縣,泰武鄉,屏東縣泰武鄉公所,孫　萬教,鄉長,男,無政黨,(921)屏東縣泰武鄉佳平村佳平村169號,08-7832435,p1@mail.taiyu.gov.tw,屏師院國民教育研究所結業,1.武潭國小教師兼主任。 2.泰武鄉第十五屆鄉長。,,
099第十六屆各鄉鎮市長選舉,屏東縣,來義鄉,屏東縣來義鄉公所,廖　志強,鄉長,男,無政黨,(922)屏東縣來義鄉古樓村中正路94號,(08)7850251,ochn@laiyi.gov.tw,專科,無,無,無
099第十六屆各鄉鎮市長選舉,屏東縣,春日鄉,屏東縣春日鄉公所,陳　昭忠,鄉長,男,中國國民黨,(942)屏東縣春日鄉春日村春日路322號,(08)8782145,bn1030@yahoo.com.tw,屏東師範學院,,,
099第十六屆各鄉鎮市長選舉,屏東縣,獅子鄉,屏東縣獅子鄉公所,孔　朝,鄉長,男,中國國民黨,(943)屏東縣獅子鄉楓林村2巷26號,(08)8771129, ,,,,
099第十六屆各鄉鎮市長選舉,屏東縣,牡丹鄉,屏東縣牡丹鄉公所,陳　英銘,鄉長,男,中國國民黨,(945)屏東縣牡丹鄉石門村石門路26號,(08)8831001,t435@hotmail.com,屏東師範學院畢業,1.石門國小教師服務29年 2.96/97年行政院原住民族委員會提升原住民資訊技能發展訓練計劃協同主持人、資訊與TQC講師,無,http://www.pthg.gov.tw/townmdt/Index.aspx
099第十六屆各鄉鎮市長選舉,台東縣,台東市,台東縣台東市公所,陳　建閣,市長,男,中國國民黨,(950)台東縣台東市文化里博愛路365號,089-325301,jacky@nt.taitungcity.gov.tw,淡江大學歐洲研究所法學碩士,臺東市市長,,http://www.taitungcity.gov.tw/
099第十六屆各鄉鎮市長選舉,台東縣,成功鎮,台東縣成功鎮公所,侯　武成,鎮長,男,無政黨,(961)台東縣成功鎮忠智里中山路176號,089-853521,chgcon01@nt.changkang.gov.tw,臺東縣成功鎮三民國小畢業。 臺東縣立新港國中畢業。 臺東私立東峯高中畢業。,第12、13、15、16屆成功鎮鎮長。 成功鎮鎮民代表。 成功鎮忠智里里長。 水利會代表。 三仙台青商會副會長。 獅子會會長。 臺東縣盆栽會會長。 家扶中心成功鎮召集委員。,,http://www.changkang.gov.tw/
099第十六屆各鄉鎮市長選舉,台東縣,關山鎮,台東縣關山鎮公所,黃　瑞華,鎮長,男,中國國民黨,(956)台東縣關山鎮中福里中山路54號,(089)810667,a01@kwanshan.gov.tw,關山工商職業學校,"關山鎮鎮長,關山鎮民代表會主席,台東縣農會常務監事,關山鎮農會理事長,月眉社區發展協會理事長,關山社區婦女防火宣導隊顧問團團長,關山義勇消防分隊顧問團副團長",,http://www.guanshan.gov.tw/page3.php
099第十六屆各鄉鎮市長選舉,台東縣,卑南鄉,台東縣卑南鄉公所,吳　信義,鄉長,男,中國國民黨,(954)台東縣卑南鄉太平村和平路111號,(089)381368＃201,wu-yi1@nt.beinan.gov.tw,育仁高中,救國團卑南鄉團委會常務委員 國際獅子會台東第一分會會長 初鹿國小、初鹿國中家長會會長 台東高商家長會副會長 中國國民黨卑南鄉黨部委員、常務委員、主任委員 警友會常務理事、卑南社教站委員 卑南鄉民代表會第十二屆代表、第十四、十五、十六、十七、十八屆主席,無,http://www.beinan.gov.tw/
099第十六屆各鄉鎮市長選舉,台東縣,鹿野鄉,台東縣鹿野鄉公所,林　金真,鄉長,男,中國國民黨,(955)台東縣鹿野鄉鹿野村鹿野村中華路2段139號,(089)552136＃63,Lyee02@mas1.gsn.gov.tw,台東中學關山分部,第15屆瑞豐村長 第15屆鹿野鄉代表會副主席 第16屆鹿野鄉代表,,http://www.lyee.gov.tw/page3.php
099第十六屆各鄉鎮市長選舉,台東縣,池上鄉,台東縣池上鄉公所,林　文堂,鄉長,男,中國國民黨,(958)台東縣池上鄉福原村中山路101號,089-862041,cs01@mail.cs.gov.tw,花蓮高中畢業,"池上鄉民代表會主席,代表",,http://www.cs.gov.tw/
099第十六屆各鄉鎮市長選舉,台東縣,東河鄉,台東縣東河鄉公所,陳　式鴻,鄉長,男,中國國民黨,(959)台東縣東河鄉東河村11鄰311號,089-896200,dher01@ms1.gsn.gov.tw,1.國立虎尾農工 2.憲兵學校3.警備學校研究,泰源職訓總隊隊長 台東師管區第三處副處長 東河鄉農會職員 東河鄉後備軍人輔導中心輔導員 東河鄉義消分隊幹事、分隊長,,
099第十六屆各鄉鎮市長選舉,台東縣,長濱鄉,台東縣長濱鄉公所,陳　德成,鄉長,男,無政黨,(962)台東縣長濱鄉長濱村長濱村4鄰9號,(089)832789,panaymic@yahoo.com.tw,高職肄業,曾任長濱鄉農會理事、長濱鄉鄉民代表第十五屆代表、第十六屆副主席、第十七屆代表主席、長濱鄉調解委員會委員、社區理事長,,
099第十六屆各鄉鎮市長選舉,台東縣,太麻里鄉,台東縣太麻里鄉公所,程　正俊,鄉長,男,中國國民黨,(963)台東縣太麻里鄉泰和村1 鄰北橋56號,089-781301,a001@nt.taimali.gov.tw,高職畢,鄉民代表主席,,http://www.taimali.gov.tw/
099第十六屆各鄉鎮市長選舉,台東縣,大武鄉,台東縣大武鄉公所,趙　宏翰,鄉長,男,,(965)台東縣大武鄉尚武村政通三街5號,089-791340, ,東方工商專科學校,（一）台東區漁會代表 （二）大武國小９７、９８學年度家長會長 （三）大武義警分隊書記,,
099第十六屆各鄉鎮市長選舉,台東縣,綠島鄉,台東縣綠島鄉公所,李　數奼,鄉長,女,中國國民黨,(951)台東縣綠島鄉南寮村194-1號,089-672537,gi2537@yahoo.com.tw,高職,紅頂商人胡雪巖研究班 　經濟部中小企業處台東縣 榮譽協進會會長 　綠島獅子會會長 　行政院南區婦女諮詢委員 　台東縣商業會理事 　台東縣觀光協會理事 　台東縣旅館公會常務理事 　綠島文教協進會理事長 　國際獅子會300F區專區 主席,,http://green.taitung.gov.tw/town/to_page1.asp
099第十六屆各鄉鎮市長選舉,台東縣,海端鄉,台東縣海端鄉公所,余　忠義,鄉長,男,中國國民黨,(957)台東縣海端鄉海端村山界43號,089-931370, ,,,,http://www.haiduau.gov.tw/index.php
099第十六屆各鄉鎮市長選舉,台東縣,延平鄉,台東縣延平鄉公所,胡　榮典,鄉長,男,中國國民黨,(953)台東縣延平鄉桃源村昇平路1號,089-561265,ja0409@ms25.hinet.net,台東師範學院初等教育學系教育學士學位畢業,台東縣武陵國小教師及主任12年，朗島國小主任1年，利稻國小主任3年，蘭嶼國小校長3年，加拿國小校長8年，桃源國小校長2年，延平鄉公所秘書2年，代理鄉長1年，現職延平鄉鄉長。,,www.ttypg.gov.tw
099第十六屆各鄉鎮市長選舉,台東縣,金峰鄉,台東縣金峰鄉公所,章　正輝,鄉長,男,中國國民黨,(964)台東縣金峰鄉嘉蘭村9鄰135號,(089)751144＃100,jfng01@ttjfng.gov.tw,國立臺灣大學政治系,台東縣金峰鄉第15屆鄉長,無,http://www.ttjfng.gov.tw/
099第十六屆各鄉鎮市長選舉,台東縣,達仁鄉,台東縣達仁鄉公所,王　光清,鄉長,男,中國國民黨,(966)台東縣達仁鄉安朔村復興路9鄰14號,089-702249,daren01@nt.ttdaren.gov.tw,中華警官學校警佐班結業,鄉長、祕書,,台東縣達仁鄉公所
099第十六屆各鄉鎮市長選舉,台東縣,蘭嶼鄉,台東縣蘭嶼鄉公所,江　多利,鄉長,男,中國國民黨,(952)台東縣蘭嶼鄉椰油村椰油295號,(089)732001＃100,v732110@ymail.com,高職畢,一、東清國小畢業、蘭嶼國中畢業。 二、陸軍第一士官學校第25期、海軍陸戰隊士校第22期畢業。 三、曾任東清發展協會理事長。 四、曾任蘭嶼生態保育協會理事長。 五、曾任蘭嶼中學家長會會長。 六、曾任蘭嶼鄉第14、15、16屆鄉民代表，第15屆鄉代會主席。 七、曾任台東縣第15、16屆縣議員。,無,無
099第十六屆各鄉鎮市長選舉,花蓮縣,花蓮市,花蓮縣花蓮市公所,田　智宣,市長,男,民主進步黨,(970)花蓮縣花蓮市國威里林森路252號,03-8320878,mayor@ems.hualien.gov.tw,東吳大學畢業,吉安鄉公所村幹事〈七十五年至八十三年〉 花蓮縣第十三、十四屆縣議員 花蓮縣第十四、十五屆吉安鄉鄉長,,http://www.hualien.gov.tw
099第十六屆各鄉鎮市長選舉,花蓮縣,鳳林鎮,花蓮縣鳳林鎮公所,彭　宗乾,鎮長,男,中國國民黨,(975)花蓮縣鳳林鎮光華路124號,03-8762771,chief@msa.fonglin.gov.tw,私立復興工業專科學校,曾任鳳林鎮公所民政課長、財政課長 鳳林鎮戶政事務所主任,,http://www.fonglin.gov.tw/
099第十六屆各鄉鎮市長選舉,花蓮縣,玉里鎮,花蓮縣玉里鎮公所,劉　德貞(女),鎮長,女,中國國民黨,(981)花蓮縣玉里鎮泰昌里中正路148號,(03)8883166,mayor@hlyl.gov.tw,國立東華大學公共行政研究所碩士,玉里鎮第16屆鎮民代表 玉里鎮第15屆鎮長 花蓮縣第15屆縣議員,,http://www.hlyl.gov.tw
099第十六屆各鄉鎮市長選舉,花蓮縣,新城鄉,花蓮縣新城鄉公所,錢　自立,鄉長,男,中國國民黨,(971)花蓮縣新城鄉大漢村光復路570號,(03)8267223,sb01@act.sinchen.gov.tw,陸軍官校,代表,,www.sinchen.gov.tw
099第十六屆各鄉鎮市長選舉,花蓮縣,吉安鄉,花蓮縣吉安鄉公所,黃　馨(女),鄉長,女,中國國民黨,(973)花蓮縣吉安鄉吉安路二段116號,(03)8523126,ak00@mail.ji-an.gov.tw,碩士,花蓮縣議會議員,,http://www.ji-an.gov.tw/
099第十六屆各鄉鎮市長選舉,花蓮縣,壽豐鄉,花蓮縣壽豐鄉公所,張　懷文,鄉長,女,中國國民黨,(974)花蓮縣壽豐鄉壽豐村壽山路26號,03-8652131,sf@ms.shoufeng.gov.tw,屏東慈惠護理助產學校 東華大學公共行政班結業,壽豐鄉民代表 花蓮縣議員 壽豐鄉第13.14屆鄉長,無,http://www.shoufeng.gov.tw
099第十六屆各鄉鎮市長選舉,花蓮縣,光復鄉,花蓮縣光復鄉公所,謝　忠淵,鄉長,男,無政黨,(976)花蓮縣光復鄉大華村中華路257號,03-8702206,guangfu163@nt.guangfu.idv.tw,高職,無,,http://www.guangfu.gov.tw/util/shleader.asp
099第十六屆各鄉鎮市長選舉,花蓮縣,豐濱鄉,花蓮縣豐濱鄉公所,劉　靜芳(女),鄉長,女,中國國民黨,(977)花蓮縣豐濱鄉豐濱村豐濱村光豐路32號,03-8791350,990301@nt.feng-bin.gov.tw,花蓮農校,花蓮縣豐濱鄉公所民政課課長 地政事務所會計(地政士國家考試及格) 花蓮縣豐濱鄉民代表會主席,,http://www.feng-bin.gov.tw/
099第十六屆各鄉鎮市長選舉,花蓮縣,瑞穗鄉,花蓮縣瑞穗鄉公所,許　榮盛,鄉長,男,中國國民黨,(978)花蓮縣瑞穗鄉瑞穗村成功南路19號,(03)8872222,juisui@nt.juisui.gov.tw,高農畢,"瑞穗鄉第11,12,15屆鄉長",,http://www.juisui.gov.tw/
099第十六屆各鄉鎮市長選舉,花蓮縣,富里鄉,花蓮縣富里鄉公所,黃　玲蘭(女),鄉長,女,中國國民黨,(983)花蓮縣富里鄉富里村中山路376號,(03)8831110＃177,910552822@fuli.gov.tw,高中,花蓮縣第16屆縣議員,,http://www.fuli.gov.tw/default.asp
099第十六屆各鄉鎮市長選舉,花蓮縣,秀林鄉,花蓮縣秀林鄉公所,許　淑銀(女),鄉長,女,中國國民黨,(972)花蓮縣秀林鄉秀林村秀林路62號,(03)8612023,shlin01@nt.shlin.gov.tw,銘傳大學,第14屆花蓮縣(市)議員 第15屆花蓮縣(市)議員 第15屆花蓮縣秀林鄉鄉長 第16屆花蓮縣秀林鄉鄉長,,http://www.shlin.gov.tw/
099第十六屆各鄉鎮市長選舉,花蓮縣,萬榮鄉,花蓮縣萬榮鄉公所,蘇　連進,鄉長,男,中國國民黨,(979)花蓮縣萬榮鄉萬榮村19號,(03)8751321＃10,sigai@ms.wanrung.gov.tw,,,,
099第十六屆各鄉鎮市長選舉,花蓮縣,卓溪鄉,花蓮縣卓溪鄉公所,蘇　正清,鄉長,男,中國國民黨,(982)花蓮縣卓溪鄉卓溪村中正路70號,(03)8883118＃11,bosss@mail.zhuo-xi.gov.tw,陸軍官校專修班,花蓮縣第十四屆、第十五屆議員,,www.zhuo-xi.gov.tw
099第十六屆各鄉鎮市長選舉,澎湖縣,馬公市,澎湖縣馬公市公所,蘇　崑雄,市長,男,中國國民黨,(880)澎湖縣馬公市西文里永福街30號,(06)9272173-201,boss@mail.mkcity.gov.tw,澎湖技術學院畢業,澎湖縣議會第12、13、14、15屆議員 澎湖縣議會第14屆議長 澎湖縣觀光協會理事長 澎湖縣中國童子軍會理事長 救國團澎湖縣團委會指導委員,,http://www.mkcity.gov.tw
099第十六屆各鄉鎮市長選舉,澎湖縣,湖西鄉,澎湖縣湖西鄉公所,陳　振中,鄉長,男,中國國民黨,(885)澎湖縣湖西鄉湖西村43-11號,06-9921318,hs001@mail.hs885.gov.tw,文化大學經濟系畢 中山大學公共事務碩士學分班結業,澎湖縣政府辦事員 湖西鄉公所村幹事 湖西鄉立中正圖書館管理員 湖西鄉公所秘書,,http://www.hs885.gov.tw/
099第十六屆各鄉鎮市長選舉,澎湖縣,白沙鄉,澎湖縣白沙鄉公所,陳　定國,鄉長,男,中國國民黨,(884)澎湖縣白沙鄉赤崁村366號,06-9933277,sinkboyx@Yahoo.com.tw,高職畢業,澎湖縣第十六屆縣議員,無,http://www.baisha.gov.tw/
099第十六屆各鄉鎮市長選舉,澎湖縣,西嶼鄉,澎湖縣西嶼鄉公所,楊　石龍,鄉長,男,中國國民黨,(881)澎湖縣西嶼鄉池東村4鄰小池角72號,(06)9982611-39,s01@ems.shiyeu.gov.tw,國立中山大學公務事務管理研究所學分班結業,村幹事 鄉公所秘書 鄉長,無,shiyeu.gov.tw/tw/default.aspx
099第十六屆各鄉鎮市長選舉,澎湖縣,望安鄉,澎湖縣望安鄉公所,葉　忠入,鄉長,男,無政黨,(882)澎湖縣望安鄉東安村73-7號,06-9991056,mail@mail.wangan.gov.tw,國中,澎湖縣望安鄉第15屆鄉長,,http://www.wangan.gov.tw
099第十六屆各鄉鎮市長選舉,澎湖縣,望安鄉,澎湖縣望安鄉公所,陳韻如,鄉長,女,無政黨,(882)澎湖縣望安鄉東安村73-7號,06-9991311, ,空中大學,澎湖縣政府社會處副處長,,
099第十六屆各鄉鎮市長選舉,澎湖縣,七美鄉,澎湖縣七美鄉公所,呂　立勳,鄉長,男,中國國民黨,(883)澎湖縣七美鄉中和村2鄰10號,06-9971008,c105@ems.chimi.gov.tw,馬公高中畢,第13.14.17.18屆鄉民代表,,無
098第九屆各鄉鎮市長選舉,連江縣,南竿鄉,連江縣南竿鄉公所,朱　秀平,鄉長,男,中國國民黨,(209)連江縣南竿鄉清水村清水村132號,(0836)22316-11,mail.show.pin@msa.hihet.net,台灣省立基隆高級海事職業學校畢業,1、連江縣南竿鄉第八屆鄉長 2、中華民國鄉鎮市長聯合總會副總會長 3、國立馬祖高中家長會會長 4、連江縣木球委員會主任委員 5、連江縣南竿鄉第七屆鄉民代表會主席 6、中華民國鄉鎮市民代表會聯合總會連江縣會長 7、連江縣後備軍人輔導中心主任 8、連江縣青溪協會理事長 9、連江縣計程車駕駛員工會理事長,,http://www.nankan.gov.tw/
099第十六屆各鄉鎮市長選舉,連江縣,北竿鄉,連江縣北竿鄉公所,周　瑞國,鄉長,男,中國國民黨,(210)連江縣北竿鄉塘岐村258號,(0836)55218-100,chou0405kuo@yahoo.com.tw,塘岐國小 中山國中 復興商工,塘岐社區發展協會理事長 坂里國小家長會會長 北竿鄉民代表會主席 北竿鄉義消大隊隊員 塘岐社區守望相助隊隊員 北竿文化協會理事,,http://www.beigan.gov.tw/mayor.htm
098第九屆各鄉鎮市長選舉,連江縣,莒光鄉,連江縣莒光鄉公所,柯　玉官,鄉長,男,中國國民黨,(211)連江縣莒光鄉青帆村74-2號,0836-89146,無,東莒國小，馬祖初中,福建金門地方法院書記官 板橋地方法院書記官兼科長 高雄地檢署書記官兼科長 台南高分院書記官兼科長 高雄高分院書記官兼科長 台灣高等法院書記官兼科長 最高行政法院書記官兼科長 連江縣政府機要秘書 連江縣政府秘書室主任 連江縣政府財政局長 連江縣莒光鄉公所代理鄉長,無,無
099第十六屆各鄉鎮市長選舉,連江縣,東引鄉,連江縣東引鄉公所,馮　印樂,鄉長,男,中國國民黨,(212)連江縣東引鄉中柳村121號,08-3677205,無,東海高級中學,東湧船運公司經理 　　　國內輪船公會理事 　　　東引鄉鄉民代表會主席 　　　東引文化志工召集人 　　　東引鄉廟產委員會委員 　　　東引國民中小學家長會副會長 　　　連江縣兵役委員 　　　連江縣東引義消 　　　東引鄉調解委員會委員,,http://www.dongyin.gov.tw/mayor.htm
099第十六屆各鄉鎮市長選舉,金門縣,金城鎮,金門縣金城鎮公所,石　兆瑉,鎮長,男,中國國民黨,(893)金門縣金城鎮東門里民生路2號,082-328741,jincheng@mail.kinmen.gov.tw,金城國小、金城國中、金門高中畢業、中國人民大學MBA結業,報關行外務員、貿易公司採購主任、國際青商會會長 保險公司處經理、有線電視董事長,,http://www.kinmen.gov.tw/Layout/sub_B/index.aspx?f
099第十六屆各鄉鎮市長選舉,金門縣,金沙鎮,金門縣金沙鎮公所,陳　昆第,鎮長,男,中國國民黨,(890)金門縣金沙鎮汶沙里環島東路一段112號2樓,(082)352149,a301mst@mail.kinmen.gov.tw,陸軍第三士官學校,金沙鎮公所秘書、金門縣青溪協會理事長,無,http://www.kinsha.gov.tw/
099第十六屆各鄉鎮市長選舉,金門縣,金湖鎮,金門縣金湖鎮公所,蔡　西湖,鎮長,男,中國國民黨,(891)金門縣金湖鎮新市里林森路2號,(082)332528,a201mst@mail.kinmen.gov.tw,金門高職 空大行政專科畢,金湖鎮新市里里長 金湖鎮民第八屆代表會主席 金湖鎮新市里社區發展協會理事長 金湖鎮民眾服務社理事主席 中國國民黨金湖鎮區分部常委 國立金門高職校友會理事,,http://www.kinmen.gov.tw/Layout/sub_B/index.aspx?f
099第十六屆各鄉鎮市長選舉,金門縣,金寧鄉,金門縣金寧鄉公所,陳　成勇,鄉長,男,中國國民黨,(892)金門縣金寧鄉盤山村仁愛新村1號,(082)325610,yung@mail.kinmen.gov.tw,空大行政專科,金寧鄉民代表會第八屆主席 金寧鄉民代表會第九屆代表 四埔社區發展協會第3、4屆理事長 金寧鄉民眾服務分社理事長,無,http://www.kinmen.gov.tw/Layout/sub_B/index.aspx?f
099第十六屆各鄉鎮市長選舉,金門縣,烈嶼鄉,金門縣烈嶼鄉公所,洪　成發,鄉長,男,中國國民黨,(894)金門縣烈嶼鄉林湖村西路60號,(082)364501,hung970382@mail.kinmen.gov.tw,金門縣烈嶼鄉卓環國小 金門縣烈嶼國民中學,金門縣烈嶼鄉黃埔村村長 金門縣烈嶼鄉民代表 金門縣議員,,http://www.kinmen.gov.tw/Layout/sub_B/index.aspx?f
099第十六屆各鄉鎮市長選舉,金門縣,烏坵鄉,金門縣烏坵鄉公所,陳　興坵,鄉長,男,中國國民黨,(896)金門縣烏坵鄉大坵村1號,(0826)66039,tsaijung0823@yahoo.com.tw,慈航中學,烏坵鄉民代表會,無,http://www.kinmen.gov.tw/Layout/sub_B/index.aspx?f
